/*--------------------------------*- C++ -*----------------------------------*\
  =========                 |
  \\      /  F ield         | OpenFOAM: The Open Source CFD Toolbox
   \\    /   O peration     | Website:  https://openfoam.org
    \\  /    A nd           | Version:  10
     \\/     M anipulation  |
\*---------------------------------------------------------------------------*/
FoamFile
{
    format      ascii;
    class       surfaceScalarField;
    location    "0.3/reacting";
    object      phi;
}
// * * * * * * * * * * * * * * * * * * * * * * * * * * * * * * * * * * * * * //

dimensions      [1 0 -1 0 0 0 0];

internalField   nonuniform List<scalar> 
3028
(
-2.96031225392e-09
8.87490594507e-08
-1.05508425398e-08
2.64791083965e-07
-2.36226949508e-09
9.12073383066e-08
4.17550052128e-07
-6.30776315614e-09
2.69086825258e-07
3.67298581632e-11
9.13471229298e-08
4.11952839604e-07
1.43777046399e-09
2.68093773988e-07
5.63793065731e-10
9.07338576338e-08
4.13730007995e-07
2.21077537309e-09
2.64960296903e-07
-8.48526475264e-10
9.14902690659e-08
3.86018244988e-07
5.46085724413e-08
-7.64811710634e-09
2.7003108379e-07
2.03403667174e-10
9.12622765479e-08
3.83320291912e-07
-9.27178924978e-09
2.49960033813e-07
-3.14550470217e-07
3.61007726216e-09
2.65963540362e-07
1.15136507859e-10
9.12256682871e-08
3.70831301968e-07
1.31498585741e-08
2.12923177369e-07
2.38284525673e-08
5.36591372896e-07
-7.13096007685e-07
-1.32289713447e-07
2.46767928106e-09
2.63705675258e-07
2.27478622777e-10
9.10622262767e-08
3.60522472542e-07
1.16473234193e-08
2.16483595827e-07
9.28928249337e-09
3.14985648129e-07
1.91782163704e-07
-7.82590683086e-07
9.07784822564e-08
1.02387287699e-06
-1.32030880045e-06
2.04252862525e-07
3.89612812394e-09
2.5983671781e-07
5.73266777794e-10
9.02684842819e-08
3.45608380283e-07
1.69026484915e-08
2.39095979438e-07
-1.11391035038e-08
2.87646496204e-07
2.98811923095e-08
5.04176157664e-07
6.60002136258e-07
-8.71141945336e-07
1.01594630858e-07
-1.36329821477e-06
1.58182368887e-07
1.7934072193e-06
-1.93033944767e-06
3.76510667737e-07
6.48312882227e-09
2.53056898837e-07
7.57251055936e-10
8.95675880499e-08
3.3241410286e-07
1.8483763854e-08
2.55700553325e-07
-1.02802338598e-10
3.14764508985e-07
-3.81464482344e-08
3.16146593191e-07
2.04671778492e-07
1.52682997448e-06
9.5901536646e-07
3.77964469149e-08
-1.39113909323e-06
1.46108303966e-07
-2.01998863656e-06
2.70719272112e-07
2.78243103624e-06
-2.84185097646e-06
4.62118151544e-07
7.06793764605e-09
2.47305085823e-07
1.62310743759e-09
8.83097222752e-08
3.24315430497e-07
1.66721907946e-08
2.6507754974e-07
9.01530174317e-09
3.44917626814e-07
-3.09533620367e-08
2.52968868962e-07
2.42675268888e-08
9.73103058729e-07
7.48214126347e-07
2.82540950086e-06
9.59462292399e-07
9.74816115441e-08
-2.07879748953e-06
2.20770566139e-07
-2.86832000483e-06
3.13861446757e-07
3.87785343947e-06
-3.8907912473e-06
4.88242597468e-07
9.68054425236e-09
2.4049384643e-07
3.16489871491e-09
8.5063107302e-08
3.16075545989e-07
1.92366903969e-08
2.70874634775e-07
1.12916186314e-08
3.79596730214e-07
-2.68654623454e-08
2.34328954384e-07
-1.03040230127e-08
6.61981926956e-07
3.41036041749e-07
2.5918024902e-06
1.02969235184e-06
4.08638377245e-06
7.6839631143e-07
1.42946501166e-07
-2.91729784765e-06
2.80204754541e-07
-3.91753343883e-06
3.48399559678e-07
5.2594444886e-06
-5.2260117767e-06
4.56348007518e-07
1.30626288541e-08
2.30023514697e-07
4.01353652967e-09
8.07314938491e-08
3.05262879086e-07
2.25148712031e-08
2.73120925523e-07
1.76036623065e-08
4.17473418309e-07
-2.74573734103e-08
2.3611292135e-07
-2.68308618925e-08
5.20101572317e-07
1.37412381803e-07
2.21796178094e-06
7.51900404666e-07
4.2276902151e-06
9.08969656785e-07
5.38751199214e-06
6.42541038871e-07
1.8222244721e-07
-3.95562107046e-06
3.20721588831e-07
-5.21689684425e-06
3.38860180556e-07
6.84991781889e-06
-6.81228942059e-06
4.13002326215e-07
1.44295505897e-08
2.18726725327e-07
4.50620924566e-09
7.62036948634e-08
2.94823654977e-07
2.38933808166e-08
2.71794461199e-07
2.26644259341e-08
4.56037853957e-07
-2.00564692722e-08
2.52175965032e-07
-4.32124067191e-08
4.20798296912e-07
7.50899523612e-08
1.8954347175e-06
4.8535897242e-07
4.12111433962e-06
8.75308544668e-07
5.51932563052e-06
7.78079529869e-07
6.95345203377e-06
5.32813329236e-07
2.08221328343e-07
-5.23400781315e-06
3.32589931247e-07
-6.78725648517e-06
3.08150108532e-07
8.76234738893e-06
-8.71892931069e-06
3.61185898564e-07
1.54364226769e-08
2.07790822302e-07
4.86550262685e-09
7.12774521712e-08
2.84949476898e-07
2.54539164617e-08
2.69426753333e-07
2.56639333574e-08
4.93670917789e-07
-1.56006677961e-08
2.73528749205e-07
-4.14507379831e-08
3.28089584701e-07
4.88122795406e-08
1.68768583723e-06
2.99361083671e-07
3.92101154325e-06
7.0710830183e-07
5.63502600986e-06
7.57603071306e-07
7.08919728356e-06
6.34885558679e-07
8.84130336604e-06
4.447313856e-07
2.1439504478e-07
-6.79131387834e-06
3.26501387648e-07
-8.69015320615e-06
2.7180833193e-07
1.10529755472e-05
-1.10114997105e-05
3.11786122765e-07
1.6499179682e-08
1.95932912986e-07
4.86600012077e-09
6.63997445166e-08
2.73631353658e-07
2.74588738649e-08
2.66799968293e-07
2.82860163992e-08
5.30557382752e-07
-1.10498827786e-08
3.02959743182e-07
-4.48276623286e-08
2.80066593608e-07
6.34236761338e-09
1.44806005029e-06
2.95299056395e-07
3.67643944534e-06
5.50898868986e-07
5.64360157733e-06
6.96316031396e-07
7.17412381611e-06
6.63585308785e-07
8.9406315235e-06
5.25610383105e-07
1.11109814463e-05
3.78185330471e-07
2.03609204117e-07
-8.6789212213e-06
3.03681913911e-07
-1.09845634026e-05
2.37844448166e-07
1.38068757121e-05
-1.37722882396e-05
2.71157122054e-07
1.64998692238e-08
1.84306490097e-07
4.83699804473e-09
6.18245611608e-08
2.62274184012e-07
2.80309136482e-08
2.62419533175e-07
3.15296999327e-08
5.64242045583e-07
-5.23726833227e-09
3.38952922217e-07
-4.62909295181e-08
2.75883797961e-07
-3.61565875852e-08
1.25929078062e-06
2.10111865243e-07
3.54825907824e-06
4.12375332648e-07
5.60029216842e-06
5.85095866947e-07
7.21694800723e-06
6.43248374664e-07
9.02586530665e-06
5.67755029374e-07
1.11856768542e-05
4.41904027832e-07
1.38512364642e-05
3.27375349127e-07
1.83625279267e-07
-1.09628785198e-05
2.71627979888e-07
-1.3748193311e-05
2.08378562791e-07
1.71250655032e-05
-1.70988009561e-05
2.40877434203e-07
1.66543314103e-08
1.73260205001e-07
4.92070900724e-09
5.70918930734e-08
2.51086095393e-07
2.89901640883e-08
2.57439844206e-07
3.33872148517e-08
5.92482469342e-07
3.11230229947e-09
3.85172017581e-07
-5.13950921369e-08
2.92392978733e-07
-5.64299949342e-08
1.10937230456e-06
1.43012749786e-07
3.41328083279e-06
3.50502230494e-07
5.48611374116e-06
5.133333e-07
7.20555646231e-06
5.85133249983e-07
9.08786546301e-06
5.70485149201e-07
1.12581995303e-05
4.86045892562e-07
1.39052982063e-05
3.81146598119e-07
1.71571600007e-05
2.91037074252e-07
1.6200381359e-07
-1.37236286211e-05
2.391631821e-07
-1.70791758682e-05
1.85150274566e-07
2.11180190413e-05
-2.110098497e-05
2.21417699337e-07
1.73151826811e-08
1.61337752302e-07
4.75984385381e-09
5.2213259025e-08
2.37806652057e-07
3.10767198335e-08
2.51882657321e-07
3.55975746844e-08
6.17681113125e-07
9.86125993824e-09
4.32117356317e-07
-4.40826278447e-08
3.1898551287e-07
-8.11173767744e-08
9.52399887033e-07
1.30713130273e-07
3.28596942267e-06
3.14901595003e-07
5.36345112447e-06
4.73182995e-07
7.18098314961e-06
5.2717462599e-07
9.12056529125e-06
5.41950525512e-07
1.13141939637e-05
5.05543026235e-07
1.39599768996e-05
4.24659182632e-07
1.71950050915e-05
3.38935192408e-07
2.11381616603e-05
2.68357511256e-07
1.43758294813e-07
-1.70567391996e-05
2.11366684633e-07
-2.10879730403e-05
1.69933900401e-07
2.59383459702e-05
-2.59316072174e-05
2.13353795766e-07
1.69181552886e-08
1.48798310489e-07
4.33779143252e-09
4.7694532332e-08
2.23024874981e-07
3.10223792799e-08
2.43523885437e-07
3.9636978119e-08
6.36454927714e-07
1.8096360264e-08
4.84891686852e-07
-4.3446683801e-08
3.41313606624e-07
-6.8971383495e-08
7.50606634329e-07
9.97994691271e-08
3.12410293688e-06
3.16394125142e-07
5.2658982236e-06
4.23474833581e-07
7.17966603417e-06
4.69264956721e-07
9.12667791399e-06
5.11962895306e-07
1.13428987303e-05
5.04962985195e-07
1.40055591507e-05
4.53524475464e-07
1.72337835772e-05
3.8153241524e-07
2.11605238497e-05
3.13978315206e-07
2.59452891483e-05
2.60044747095e-07
1.31310482346e-07
-2.10724139743e-05
1.92472457937e-07
-2.5925493302e-05
1.62597834076e-07
3.16998653804e-05
-3.17071735006e-05
2.20131698739e-07
1.5635299758e-08
1.36992211668e-07
3.84489441082e-09
4.38026409919e-08
2.08635230018e-07
2.92984019705e-08
2.33177125031e-07
4.06050567728e-08
6.44963821946e-07
3.00130650565e-08
5.38952878653e-07
-3.65768209282e-08
3.75748841026e-07
-7.94467240054e-08
5.69156798093e-07
6.05059883454e-08
2.85024783964e-06
2.99239433095e-07
5.18384286194e-06
3.84822991884e-07
7.15610280155e-06
4.40679097431e-07
9.10172181672e-06
4.87370902091e-07
1.13526754427e-05
4.94949433482e-07
1.4036633232e-05
4.6798880231e-07
1.72675227331e-05
4.15620351264e-07
2.11827398487e-05
3.56734265965e-07
2.59515347178e-05
3.06340031602e-07
3.16903063406e-05
2.69068968177e-07
1.28186257309e-07
-2.59171883152e-05
1.8228398937e-07
-3.17127319235e-05
1.67655801291e-07
3.86744676279e-05
-3.86958184045e-05
2.41655911901e-07
1.40117563907e-08
1.2671131161e-07
3.4336705716e-09
4.04062099756e-08
1.95769181973e-07
2.67716612772e-08
2.22499388644e-07
3.92771639419e-08
6.47431699512e-07
3.64608426553e-08
5.89561985585e-07
-2.16718517082e-08
4.37366591554e-07
-9.50685162093e-08
4.86333751822e-07
3.68391510153e-08
2.5293807468e-06
2.84761345575e-07
5.0789942985e-06
3.62460029631e-07
7.10958192874e-06
4.21474086567e-07
9.06303461758e-06
4.722210967e-07
1.13523392747e-05
4.81745706126e-07
1.40535003498e-05
4.72911881312e-07
1.72911442561e-05
4.40529526646e-07
2.12014850186e-05
3.94387135151e-07
2.59559960129e-05
3.50886156834e-07
3.16777562992e-05
3.18356031426e-07
3.86447387846e-05
2.98997134376e-07
1.24413532582e-07
-3.1718643699e-05
1.8740799646e-07
-3.87098583864e-05
1.81842968909e-07
4.69402961047e-05
-4.69880504973e-05
2.90339155273e-07
1.26808156658e-08
1.17578994123e-07
3.08928163299e-09
3.73610166946e-08
1.83881519264e-07
2.47656980587e-08
2.12521220165e-07
3.67197265877e-08
6.44786286669e-07
4.02509814414e-08
6.35159026357e-07
-1.00777364647e-08
4.89501951661e-07
-7.55878756944e-08
5.02661975763e-07
-8.02607924436e-08
2.4164823108e-06
3.24727207125e-07
4.99582894081e-06
3.70863221565e-07
7.04156545253e-06
4.23310487982e-07
9.01947442445e-06
4.595925877e-07
1.13469394994e-05
4.72375541851e-07
1.40571940903e-05
4.73688326718e-07
1.73027191911e-05
4.5792520448e-07
2.12135042121e-05
4.26186210107e-07
2.59568132e-05
3.92224641972e-07
3.1661513253e-05
3.66605441133e-07
3.8605392844e-05
3.57926589833e-07
4.68796193587e-05
3.6066176106e-07
1.40907758385e-07
-3.87231657144e-05
2.00933334236e-07
-4.70241954448e-05
2.18833376438e-07
5.70151792068e-05
-5.70768056674e-05
3.53771941993e-07
1.15279761503e-08
1.09266030985e-07
2.76679991283e-09
3.46103326968e-08
1.72631182696e-07
2.29643290525e-08
2.02657248293e-07
3.48609864129e-08
6.39559663152e-07
4.22822367512e-08
6.72692901272e-07
2.55522942424e-09
5.46656378924e-07
-6.89358987565e-08
4.87480145054e-07
-8.99628010828e-08
2.19114404693e-06
2.49469704101e-07
4.97695309595e-06
4.10483998494e-07
6.96458281654e-06
4.48021151793e-07
8.98693496233e-06
4.52662510016e-07
1.13361467553e-05
4.66636151721e-07
1.40512423121e-05
4.74685599608e-07
1.73039025968e-05
4.69558782694e-07
2.12179676746e-05
4.51347021685e-07
2.59525887961e-05
4.29136798158e-07
3.16409744083e-05
4.12264866915e-07
3.85561865241e-05
4.16063850552e-07
4.68042320542e-05
4.3435872365e-07
5.69093345354e-05
4.68413223921e-07
1.40523544196e-07
-4.70653590808e-05
2.43411334557e-07
-5.71086696764e-05
2.52351896904e-07
6.89386347237e-05
-6.90173158385e-05
4.3528724013e-07
1.04249245326e-08
1.01650071973e-07
2.43669638293e-09
3.21599989129e-08
1.61995508428e-07
2.11101369791e-08
1.92713105108e-07
3.30937745515e-08
6.2933236456e-07
4.58125165177e-08
7.03975081703e-07
1.13800577606e-08
6.04150678225e-07
-5.56774282311e-08
5.05101565171e-07
-9.67866021837e-08
1.75331402207e-06
2.43710743699e-07
4.81730278825e-06
4.24665586254e-07
6.89930278254e-06
4.82067991011e-07
8.97124004439e-06
4.60791616326e-07
1.1317704274e-05
4.68277652127e-07
1.40353241594e-05
4.79718450207e-07
1.7296334919e-05
4.79747730746e-07
2.12149093843e-05
4.70728060722e-07
2.59419595811e-05
4.60790398689e-07
3.16159639301e-05
4.53685304865e-07
3.84981448109e-05
4.70593715664e-07
4.67143821458e-05
5.0701656697e-07
5.67497760648e-05
5.95922427844e-07
6.87873839088e-05
6.22648096024e-07
1.75148912104e-07
-5.71278771047e-05
2.65198328735e-07
-6.90665849246e-05
3.04225149749e-07
8.4518205665e-05
-8.43256496795e-05
2.46728072616e-07
9.2404374714e-09
9.48045806356e-08
2.13600104992e-09
3.00076862254e-08
1.52222686116e-07
1.89417928032e-08
1.82854166767e-07
3.09994044257e-08
6.14921743301e-07
4.79143703162e-08
7.26560301848e-07
2.35552530661e-08
6.66786337315e-07
-5.16133511603e-08
5.49957442921e-07
-1.00589702147e-07
1.31961574941e-06
2.41994507301e-07
4.52119736736e-06
4.01009526621e-07
6.82667900771e-06
4.90587775593e-07
8.9670405736e-06
4.85405444626e-07
1.12881929016e-05
4.87647486215e-07
1.40117789997e-05
4.8947528353e-07
1.72847924229e-05
4.891544968e-07
2.12048835293e-05
4.88098236558e-07
2.59246766602e-05
4.8691724772e-07
3.15868095784e-05
4.89522173365e-07
3.84335277465e-05
5.1862902859e-07
4.66132924792e-05
5.72850899025e-07
5.65424214837e-05
7.16477351436e-07
6.85397304524e-05
8.46710057903e-07
8.41206636056e-05
1.02440327843e-06
1.79302413328e-07
-6.91200887813e-05
3.22779603992e-07
-8.39254505853e-05
-9.23037287121e-08
0.000101466130207
-0.000100611517243
-6.02632162967e-07
8.16892998514e-09
8.87249845616e-08
1.8692820811e-09
2.81404991193e-08
1.43351968152e-07
1.6969968496e-08
1.73495341944e-07
2.82151319221e-08
5.97313175161e-07
4.85348593744e-08
7.40652953471e-07
3.38579013183e-08
7.22399761432e-07
-3.22526366128e-08
6.18815090185e-07
-1.19511350465e-07
1.05729443942e-06
1.83243757139e-07
4.25877063674e-06
5.33881891593e-07
6.7139082996e-06
4.92815159169e-07
8.94619260184e-06
5.07634423329e-07
1.12625249045e-05
5.09492524702e-07
1.39945658622e-05
5.02809874855e-07
1.72720379932e-05
5.00415837632e-07
2.11895719687e-05
5.02978094268e-07
2.5903674238e-05
5.08094800132e-07
3.15546128603e-05
5.18729637975e-07
3.83654579263e-05
5.57955395141e-07
4.65066928214e-05
6.26463886711e-07
5.63053891032e-05
8.12100476237e-07
6.82159570328e-05
1.04354124135e-06
8.32034790742e-05
1.76832309088e-06
0.000100505350137
1.99074153443e-06
1.93505482333e-07
-8.35797430958e-05
-1.71905278335e-08
-0.000100699014837
2.34052730941e-06
-2.94192191606e-06
7.18521753312e-09
8.34168126378e-08
1.63669490325e-09
2.65125742367e-08
1.35463624593e-07
1.50913197985e-08
1.64715954812e-07
2.56788044667e-08
5.7878483383e-07
4.64528611732e-08
7.47158328763e-07
4.16936386395e-08
7.71064152237e-07
-1.50518037912e-08
6.84437529498e-07
-9.72033218574e-08
8.508702214e-07
1.35264579292e-07
3.97724215508e-06
5.47766396336e-07
6.67653495017e-06
5.90603299679e-07
8.90824639863e-06
5.27969743435e-07
1.12305928582e-05
5.3751121129e-07
1.39817336896e-05
5.20732170238e-07
1.72582175303e-05
5.15026487838e-07
2.11714795684e-05
5.17167053897e-07
2.58806440686e-05
5.25081278345e-07
3.15210959509e-05
5.41264388081e-07
3.82973078363e-05
5.87276384871e-07
4.64009645779e-05
6.64981974332e-07
5.60603353076e-05
8.73851099853e-07
6.78614732724e-05
1.17004676998e-06
8.20248548536e-05
2.22681576652e-06
9.85938084766e-05
3.68571804516e-06
4.8675331512e-06
-5.34970646925e-07
9.40299079005e-08
-0.000100708776285
-2.94065321041e-06
6.33753532517e-09
7.87422067106e-08
1.43384616981e-09
2.50845603591e-08
1.28394650118e-07
1.3449872336e-08
1.56693383897e-07
2.31415033193e-08
5.5884644363e-07
4.54532856563e-08
7.49444227986e-07
4.39694190744e-08
8.09036224678e-07
3.3915072067e-09
7.462795551e-07
-7.68079614638e-08
7.37648281558e-07
2.27122131741e-08
3.45698906415e-06
6.68979376929e-07
6.58681800614e-06
6.55101780333e-07
8.88454985009e-06
6.19015547774e-07
1.11856352502e-05
5.71501459349e-07
1.39718679601e-05
5.45871314926e-07
1.72426306936e-05
5.34878179046e-07
2.11534543529e-05
5.3181279278e-07
2.58576250108e-05
5.39324766942e-07
3.1488237329e-05
5.57630669649e-07
3.82324092509e-05
6.06593910856e-07
4.63021133546e-05
6.87485152542e-07
5.58260019962e-05
9.01760901359e-07
6.75163256955e-05
1.2226431191e-06
8.08250967513e-05
2.3746998691e-06
9.64196194683e-05
4.40714578028e-06
7.13343670722e-06
1.42117011999e-06
-3.47429987378e-06
5.57010844072e-09
7.46233481023e-08
1.26097444976e-09
2.38282107781e-08
1.22088762664e-07
1.19047788402e-08
1.49322305836e-07
2.08721117491e-08
5.39523734831e-07
4.26028952967e-08
7.44557449955e-07
5.0304694376e-08
8.41340269735e-07
1.16387225604e-08
8.05026484943e-07
-5.57564642035e-08
7.46750576876e-07
-9.5564879622e-08
2.92536186919e-06
5.66910329696e-07
6.47524975297e-06
7.59510513682e-07
8.85280018346e-06
6.83032817026e-07
1.11741402458e-05
6.30009640903e-07
1.39636809323e-05
5.78202020499e-07
1.72280908682e-05
5.59041472235e-07
2.11384403519e-05
5.48715067743e-07
2.58366616305e-05
5.51959636459e-07
3.14582993499e-05
5.6899143603e-07
3.81737946011e-05
6.1671718143e-07
4.62145902802e-05
6.95537080623e-07
5.56167965757e-05
8.99245211437e-07
6.72085600362e-05
1.21335118488e-06
7.97652807645e-05
2.28761517146e-06
9.45200592683e-05
4.28072019072e-06
9.04948486253e-06
2.4925202364e-06
-2.05174330225e-06
4.92255485771e-09
7.09759753627e-08
1.10360473105e-09
2.27331337799e-08
1.16440761838e-07
1.05955044553e-08
1.42629586011e-07
1.86319829762e-08
5.2007765787e-07
4.05014192436e-08
7.36833161178e-07
5.05050392495e-08
8.62300998441e-07
2.96534911695e-08
8.61750576453e-07
-4.54324611525e-08
7.87188255389e-07
-9.91160579884e-08
2.35275884936e-06
4.72714599183e-07
6.34207976753e-06
7.34803205509e-07
8.79860397225e-06
8.08148994083e-07
1.11585663864e-05
6.95751886945e-07
1.39681391633e-05
6.24173542307e-07
1.72124962147e-05
5.92443195356e-07
2.11270416287e-05
5.69284013575e-07
2.58190728549e-05
5.65510298001e-07
3.14330262635e-05
5.76990779412e-07
3.81240057258e-05
6.19298788579e-07
4.61418392934e-05
6.90961064707e-07
5.54411095846e-05
8.73893886541e-07
6.69545332825e-05
1.15727585079e-06
7.89193726874e-05
2.06467635158e-06
9.30654807372e-05
3.74899803268e-06
1.06893766245e-05
2.64232347417e-06
4.42231751698e-07
4.31523202337e-09
6.77902764202e-08
9.85408820733e-10
2.17574511188e-08
1.11468822936e-07
9.33158796805e-09
1.36537134557e-07
1.67201864513e-08
5.01792635015e-07
3.70488635971e-08
7.25177853982e-07
5.24413242341e-08
8.779086018e-07
3.51110901628e-08
9.11769947625e-07
-2.01377493181e-08
8.63519134862e-07
-1.23349379877e-07
1.81629241358e-06
4.48063482771e-07
6.04024143314e-06
7.72228837332e-07
8.66367507091e-06
8.79742898703e-07
1.11857714406e-05
7.79554019998e-07
1.39688458557e-05
6.93467457524e-07
1.72011473782e-05
6.34160625119e-07
2.11216057191e-05
5.96711692593e-07
2.58059511733e-05
5.81609731119e-07
3.14142734271e-05
5.84038328925e-07
3.80848172406e-05
6.16742212978e-07
4.60853529679e-05
6.77360132582e-07
5.53031147384e-05
8.31754888289e-07
6.67582393447e-05
1.07438119046e-06
7.82986683962e-05
1.78365968221e-06
9.20753740748e-05
3.06193161442e-06
1.20079655009e-05
2.43198058731e-06
3.08608333148e-06
3.86956361622e-09
6.49350743496e-08
8.94646258625e-10
2.08654193143e-08
1.06972115406e-07
8.41363927186e-09
1.31112681309e-07
1.48111371087e-08
4.84256065086e-07
3.43978170431e-08
7.12707853597e-07
4.97791938816e-08
8.854628521e-07
4.5031001638e-08
9.55187385772e-07
-8.69495551143e-09
9.2824480171e-07
-8.6118209682e-08
1.42253260991e-06
2.44637455243e-07
5.49834882257e-06
9.72292311734e-07
8.5092898978e-06
9.28538098886e-07
1.1220484436e-05
8.45883724676e-07
1.39755966291e-05
7.71395433041e-07
1.72012085666e-05
6.91984270792e-07
2.1123643554e-05
6.30916093722e-07
2.57986916746e-05
6.03138634858e-07
3.14034259144e-05
5.92225957957e-07
3.80575975272e-05
6.11854982593e-07
4.60466022858e-05
6.57150870402e-07
5.52028319434e-05
7.80583792136e-07
6.6620053533e-05
9.74342506473e-07
7.78812608753e-05
1.49774730072e-06
9.1473034398e-05
2.39349595837e-06
1.30455523122e-05
2.02599682252e-06
5.51967036935e-06
3.52021600302e-09
6.23166637192e-08
8.07609109036e-10
2.00511604332e-08
1.02815419038e-07
7.68632591885e-09
1.26142558735e-07
1.34389151243e-08
4.68320463602e-07
3.09655241468e-08
6.98573094399e-07
4.88491865184e-08
8.90301632682e-07
4.54715418361e-08
9.87206224627e-07
1.33446834639e-08
9.81924043537e-07
-6.46493046071e-08
1.1197843591e-06
1.86276164462e-07
4.73762134536e-06
9.43368170358e-07
8.43953143445e-06
1.024639853e-06
1.12582673416e-05
8.89320534987e-07
1.39666416396e-05
8.53389192512e-07
1.72234505541e-05
7.47663000067e-07
2.11365603924e-05
6.77801238796e-07
2.57992410777e-05
6.29486619802e-07
3.14023676675e-05
6.03930697826e-07
3.80432142637e-05
6.0721636271e-07
4.60253080786e-05
6.34878808242e-07
5.51395776833e-05
7.23490180682e-07
6.65336570313e-05
8.71607206526e-07
7.76345352574e-05
1.22733355863e-06
9.11608292697e-05
1.81782347746e-06
1.38406703121e-05
1.60011330807e-06
7.54735684414e-06
3.18312272952e-09
5.99207950329e-08
7.25724507826e-10
1.93151442547e-08
9.89904793172e-08
6.97268465466e-09
1.21494698178e-07
1.23412323418e-08
4.53009675029e-07
2.89402420917e-08
6.8466396238e-07
4.52497767868e-08
8.89796753955e-07
5.00306584984e-08
1.01797987818e-06
1.59080438866e-08
1.03805274287e-06
-4.02406739584e-08
1.04160481319e-06
3.45024687633e-09
3.71080141786e-06
1.03125060626e-06
8.24255206884e-06
1.12011099171e-06
1.12384779754e-05
1.04020738093e-06
1.39290794247e-05
9.2492772372e-07
1.72560775043e-05
8.19083046914e-07
2.11583634964e-05
7.24486670057e-07
2.58107584888e-05
6.65335390109e-07
3.14118682436e-05
6.19675774652e-07
3.80423106047e-05
6.05427738268e-07
4.60223935645e-05
6.11908455491e-07
5.51101203025e-05
6.67552345854e-07
6.64956933686e-05
7.66309196782e-07
7.7520467488e-05
9.92270064707e-07
9.10411848534e-05
1.35526442282e-06
1.44390060218e-05
1.22131516802e-06
9.14924837195e-06
2.86576221758e-09
5.77500350761e-08
6.53498553138e-10
1.86545825296e-08
9.55104606197e-08
6.29516207986e-09
1.17183435716e-07
1.1239239627e-08
4.38347741287e-07
2.69939652192e-08
6.69611748439e-07
4.42326163184e-08
8.86910298928e-07
4.86498188007e-08
1.03878646374e-06
3.06910408622e-08
1.09475942653e-06
-3.86233087332e-08
1.0964493846e-06
-7.76396813484e-08
3.02758491272e-06
8.42070770531e-07
7.9609670707e-06
1.18714108557e-06
1.12016040957e-05
1.15318519452e-06
1.39401344595e-05
1.02833757195e-06
1.73032924072e-05
8.76224098724e-07
2.11857764012e-05
7.9013999958e-07
2.58305730011e-05
7.03590959906e-07
3.1433253486e-05
6.43563374351e-07
3.8055020776e-05
6.07531158144e-07
4.60362946666e-05
5.93330047154e-07
5.51125401927e-05
6.12811139698e-07
6.64962263533e-05
6.72087624474e-07
7.75089387135e-05
7.8476651807e-07
9.10424042326e-05
9.99782751962e-07
1.48852661694e-05
9.10929192189e-07
1.03724362523e-05
2.58221068348e-09
5.58005690575e-08
5.57280221065e-10
1.80972322725e-08
9.23750000878e-08
5.68467474581e-09
1.13238029728e-07
1.01809993092e-08
4.24505556754e-07
2.48970685639e-08
6.54080960956e-07
4.23855825549e-08
8.7980702767e-07
5.15205187929e-08
1.05587595411e-06
3.1877175572e-08
1.14262393727e-06
-1.47207352263e-08
1.17308030765e-06
-1.14374255049e-07
2.59193369491e-06
5.43176934037e-07
7.68465990282e-06
1.38047225686e-06
1.09830358732e-05
1.37919743238e-06
1.39668738387e-05
1.12362891618e-06
1.73586717082e-05
9.71469865251e-07
2.12028032633e-05
8.57709846588e-07
2.58651380896e-05
7.54376013779e-07
3.14652824693e-05
6.71057484307e-07
3.80830755059e-05
6.16015479944e-07
4.60681465051e-05
5.77492586146e-07
5.51426213416e-05
5.66656133332e-07
6.65332748427e-05
5.81015491051e-07
7.75693648465e-05
6.18900966541e-07
9.11119734127e-05
7.24378427407e-07
1.52174692696e-05
6.69603442741e-07
1.12853355943e-05
2.20440437869e-09
5.41536088659e-08
4.64461259696e-10
1.76392796483e-08
8.97228696262e-08
4.858153718e-09
1.096663126e-07
9.21953138856e-09
4.11614885597e-07
2.28601949582e-08
6.38676945126e-07
3.99585321821e-08
8.70152861458e-07
5.15845746901e-08
1.06496453571e-06
4.21190337745e-08
1.18577679881e-06
-1.19974837501e-08
1.22980059849e-06
-7.08190438041e-08
2.09348951632e-06
3.32181710044e-07
7.20788013353e-06
1.27227715182e-06
1.08810754605e-05
1.55309504534e-06
1.40657036887e-05
1.27433398853e-06
1.74038643899e-05
1.07503535678e-06
2.12240150054e-05
9.48481585871e-07
2.59133571262e-05
8.08173234097e-07
3.15089280364e-05
7.10091217051e-07
3.81256739171e-05
6.28870335205e-07
4.61161390605e-05
5.69818788538e-07
5.51989635798e-05
5.24627820916e-07
6.6596102247e-05
5.09243062951e-07
7.76853888927e-05
4.72505878942e-07
9.1220783165e-05
5.19684478622e-07
1.54624581953e-05
4.8151083721e-07
1.19570079695e-05
1.8380250626e-09
5.27996951199e-08
3.71596233771e-10
1.72760364884e-08
8.75382035559e-08
4.05588857302e-09
1.06640583171e-07
7.88802837452e-09
3.99861115345e-07
2.08585378201e-08
6.23750689898e-07
3.74961784524e-08
8.59151875101e-07
5.04073520831e-08
1.06893568323e-06
4.67302583604e-08
1.21373165723e-06
1.24040147667e-08
1.29015875795e-06
-7.74385953098e-08
1.6937128724e-06
2.72222971756e-07
6.08053502147e-06
1.17686669222e-06
1.07741189333e-05
1.43247871839e-06
1.42302992182e-05
1.40072032756e-06
1.74220439619e-05
1.2541724473e-06
2.12711481026e-05
1.02546811109e-06
2.59834635557e-05
8.76785497467e-07
3.15599234343e-05
7.56344517625e-07
3.81834817577e-05
6.52547451578e-07
4.61797836172e-05
5.66958052696e-07
5.52770237724e-05
4.95279291039e-07
6.66871663348e-05
4.39126171744e-07
7.78366986529e-05
3.65702576079e-07
9.13437752204e-05
3.59476672828e-07
1.56436421403e-05
3.40716811475e-07
1.24406871368e-05
1.47775987956e-09
5.17185402917e-08
3.34953224468e-11
1.724740608e-08
8.57984876672e-08
3.25897882488e-09
1.0414096279e-07
6.5960058568e-09
3.89833242764e-07
1.79490710285e-08
6.09746511236e-07
3.47570514265e-08
8.47302202583e-07
4.90543987352e-08
1.06998659865e-06
4.86430246702e-08
1.23622928725e-06
2.31811663633e-08
1.32955857996e-06
-3.06170719341e-08
1.50051078879e-06
9.49074101877e-08
4.6709314523e-06
1.22903421831e-06
1.0404673637e-05
1.4020664987e-06
1.4276115102e-05
1.39401468561e-06
1.74623923217e-05
1.36195736729e-06
2.13804646653e-05
1.14304720316e-06
2.60534582931e-05
9.53601206759e-07
3.16200374816e-05
8.15598025391e-07
3.82562244715e-05
6.8365383891e-07
4.62572594812e-05
5.76668074476e-07
5.53770817702e-05
4.70404049427e-07
6.67940279456e-05
3.94096696275e-07
7.80197179519e-05
2.64123059668e-07
9.14770847736e-05
2.42721484232e-07
1.57754137533e-05
2.30014424244e-07
1.27836714575e-05
1.1937944389e-10
5.16471181336e-08
-3.81203526402e-10
1.76294231042e-08
8.5726500742e-08
2.15004895489e-10
1.02160839802e-07
5.28854982318e-09
3.81498741626e-07
1.50866729918e-08
5.97719619561e-07
3.00828942647e-08
8.3539943372e-07
4.66593075683e-08
1.06799433342e-06
5.09377328451e-08
1.25604907489e-06
2.82161876659e-08
1.37312762221e-06
-2.07697385906e-08
1.4825238545e-06
-1.35833428651e-08
3.85036615251e-06
1.05545809344e-06
9.88766452449e-06
1.50617457545e-06
1.40964554816e-05
1.54352892619e-06
1.74348392945e-05
1.42079812495e-06
2.14968971295e-05
1.24430040548e-06
2.61341970199e-05
1.06050779522e-06
3.16923688076e-05
8.79973313747e-07
3.83454314574e-05
7.26208074159e-07
4.63495321903e-05
5.92771459707e-07
5.54944518535e-05
4.62698063996e-07
6.69247037942e-05
3.4544867656e-07
7.82195842419e-05
2.02446300808e-07
9.16064285845e-05
1.45463829463e-07
1.58721504499e-05
1.48383399102e-07
1.30160504598e-05
-1.51106240415e-09
5.277946848e-08
-1.49048448765e-09
1.91185883948e-08
8.7621983517e-08
-3.40218646268e-09
1.02152500444e-07
2.50930441934e-10
3.74617762376e-07
1.23510968407e-08
5.87546037289e-07
2.55235478203e-08
8.25154013176e-07
4.05683844419e-08
1.06422302272e-06
5.06621432325e-08
1.27130251344e-06
3.59727583238e-08
1.41704468593e-06
-1.54711246321e-08
1.52942604319e-06
-6.4597361935e-08
3.24527811465e-06
7.55896909587e-07
9.54688937713e-06
1.66147441712e-06
1.38085552221e-05
1.75703705941e-06
1.74923449402e-05
1.47019074138e-06
2.16322542459e-05
1.28307109218e-06
2.62206931384e-05
1.15593116051e-06
3.17912814902e-05
9.60136754434e-07
3.84482211878e-05
7.76731313255e-07
4.64542110242e-05
6.22662730224e-07
5.56320149286e-05
4.58417642913e-07
6.70637572919e-05
3.29302188181e-07
7.84415016695e-05
1.31845088607e-07
9.17418724243e-05
7.79619552377e-08
1.59398429476e-05
8.02487617779e-08
1.31668892319e-05
-5.825145462e-09
5.71100821918e-08
-3.94199514493e-09
2.30567009995e-08
9.48202476766e-08
-1.30305145079e-08
1.04440200771e-07
-5.68428514093e-09
3.75327977828e-07
-3.62535736882e-10
5.79275156111e-07
2.09032020972e-08
8.16169985142e-07
3.49078357245e-08
1.06126191793e-06
4.39322241683e-08
1.28265553014e-06
3.9858493003e-08
1.45281391112e-06
8.27605910811e-10
1.59365709168e-06
-7.84108432523e-08
2.78893559577e-06
4.44919497034e-07
8.73495426157e-06
1.69592483208e-06
1.36153640137e-05
1.9236857792e-06
1.76193553228e-05
1.63131786116e-06
2.16799708349e-05
1.41729847601e-06
2.62621144096e-05
1.23928089279e-06
3.19088751443e-05
1.03668916168e-06
3.856428432e-05
8.43353091075e-07
4.65737271215e-05
6.58027082126e-07
5.57834143703e-05
4.74193677774e-07
6.7226927183e-05
3.00731596917e-07
7.86718640008e-05
1.07231297135e-07
9.18694885898e-05
1.53390252129e-08
1.59866206791e-05
3.37228542679e-08
1.3249672981e-05
-1.62009899425e-08
6.93575327969e-08
-2.53042624698e-09
2.55834776313e-08
1.1550545651e-07
-3.69050049785e-08
1.13062323634e-07
-2.16619007193e-08
3.83252219076e-07
-1.35842826977e-08
5.8265755753e-07
-3.60688240201e-09
8.0957837472e-07
2.78883071521e-08
1.05803212335e-06
3.87025676444e-08
1.2933298937e-06
3.38246857951e-08
1.48296976094e-06
1.02196206851e-08
1.6519589206e-06
-5.83554659691e-08
2.41561746919e-06
2.95874125223e-07
7.57589982297e-06
1.5789469886e-06
1.34646376329e-05
1.87289449686e-06
1.7793813728e-05
1.76300561285e-06
2.1695721904e-05
1.61572020518e-06
2.63329897177e-05
1.34394979559e-06
3.20266240251e-05
1.11963986103e-06
3.86878130834e-05
9.12190937063e-07
4.67065800109e-05
7.10962053052e-07
5.59537611643e-05
4.90236142543e-07
6.73930003153e-05
3.13307558596e-07
7.89224042929e-05
5.83290075454e-08
9.20047286663e-05
-1.68785559687e-08
1.60165553953e-05
-1.20187439603e-08
1.32859939946e-05
-9.63769601903e-09
7.64539245497e-08
-4.62144747082e-10
2.60424376512e-08
1.27111486224e-07
-2.12615950566e-08
1.38244956007e-07
-6.21092946129e-08
4.11724970989e-07
-5.01771892769e-08
5.95469720693e-07
-2.63449395968e-08
8.18730210029e-07
-1.25739286293e-08
1.05754260414e-06
2.88936591289e-08
1.30204697812e-06
3.06880750453e-08
1.51239410626e-06
4.86773039222e-09
1.68825329572e-06
-2.75209094005e-08
2.19428189944e-06
1.50582332386e-07
6.41886806229e-06
1.43774666268e-06
1.31213411799e-05
1.86750624e-06
1.7828219173e-05
1.83488704356e-06
2.17267668789e-05
1.73277297905e-06
2.64938122536e-05
1.45369055716e-06
3.21575572556e-05
1.21122205819e-06
3.88118018442e-05
9.94456242121e-07
4.68564903123e-05
7.6239391078e-07
5.61357170957e-05
5.31119484146e-07
6.75868898354e-05
3.01102743448e-07
7.91769658938e-05
6.65697706891e-08
9.21238987163e-05
-4.98470522159e-08
1.60389400215e-05
-3.66765294548e-08
1.3276612856e-05
-2.16391758066e-09
7.81461516493e-08
-6.49909693867e-10
2.6689647093e-08
1.30069983997e-07
-5.13829568464e-09
1.51862647181e-07
-3.4900279768e-08
5.18805812564e-07
-1.69261517955e-07
6.41924071986e-07
-9.67069242526e-08
8.38565995418e-07
-4.61094801728e-08
1.0769248334e-06
-3.16747932517e-08
1.3129425271e-06
1.86638771728e-08
1.53776551715e-06
6.29925696645e-09
1.73232415045e-06
-3.88402001381e-08
2.0574910137e-06
1.00232519693e-07
5.216122085e-06
1.24877758711e-06
1.27041769142e-05
1.83827115745e-06
1.76383779068e-05
2.03887754931e-06
2.17060248532e-05
1.84876487815e-06
2.6645156369e-05
1.57996971695e-06
3.22732281098e-05
1.3364160909e-06
3.89415883846e-05
1.08015394964e-06
4.70155853335e-05
8.35145742649e-07
5.63337766856e-05
5.65972249547e-07
6.77788916402e-05
3.43331419009e-07
7.94556637994e-05
2.9732581563e-08
9.22619453071e-05
-6.0830617654e-08
1.60530142386e-05
-6.1366373946e-08
1.32425841154e-05
-2.49823077775e-09
7.99863144155e-08
-2.68472065556e-10
2.69547397196e-08
1.33081054781e-07
-5.52310336446e-09
1.55581882981e-07
-8.8765301251e-09
5.55516645951e-07
-7.16859223933e-08
8.23009586424e-07
-3.50447753309e-07
9.11431194587e-07
-1.69663321853e-07
1.10751907499e-06
-7.66201768775e-08
1.34798369945e-06
-6.63502406826e-08
1.56278785063e-06
-5.39179799971e-09
1.76804701553e-06
-2.72447377127e-08
2.03093013813e-06
-8.32074305119e-09
4.30301226843e-06
9.58762538373e-07
1.18097754383e-05
2.06679396765e-06
1.73108950224e-05
2.16614381538e-06
2.18142896561e-05
1.92828503822e-06
2.67993935108e-05
1.69039979577e-06
3.23860688154e-05
1.46532683553e-06
3.90885641079e-05
1.18808981116e-06
4.71869328136e-05
9.08335512966e-07
5.65385884907e-05
6.31501055512e-07
6.80051953238e-05
3.43272447629e-07
7.97358528949e-05
6.98239203994e-08
9.23823035005e-05
-8.05506378587e-08
1.60676391382e-05
-7.29800360657e-08
1.31838331587e-05
-1.11839003661e-09
8.08260505558e-08
7.78354905751e-11
2.68739383213e-08
1.34501551088e-07
-2.55601346571e-09
1.59118150384e-07
-9.07626292442e-09
5.786234678e-07
-3.20539393411e-08
8.75441191745e-07
-1.24230419511e-07
1.19204998925e-06
-6.31192467182e-07
1.21992723565e-06
-2.82165206498e-07
1.39498284266e-06
-1.23418625235e-07
1.62414518892e-06
-1.27005520313e-07
1.80829940021e-06
-4.39802576677e-08
2.06940247048e-06
-5.88015535799e-08
3.69377694473e-06
6.33322278739e-07
1.05927532241e-05
2.07783094983e-06
1.70648254534e-05
2.28162864262e-06
2.19167528611e-05
2.06840036512e-06
2.68678571807e-05
1.85890173798e-06
3.24455156241e-05
1.62857705548e-06
3.92450489377e-05
1.30730284996e-06
4.73617344627e-05
1.01259188989e-06
5.67596598978e-05
6.88004703074e-07
6.82225641453e-05
4.17110282702e-07
8.00469594706e-05
3.80990143182e-08
9.25367204798e-05
-7.52866425164e-08
1.60748258472e-05
-8.53907215361e-08
1.31133876838e-05
3.59770055513e-10
8.05351525158e-08
1.08992350782e-09
2.57814092831e-08
1.33998970708e-07
8.47169080184e-10
1.60845842394e-07
-4.30450318148e-09
5.88284932802e-07
-1.88035802265e-08
9.15922397265e-07
-7.26498253093e-08
1.26297027626e-06
-1.95309656508e-07
1.63790900599e-06
-1.04931606834e-06
1.56517578675e-06
-4.52403109306e-07
1.69549338838e-06
-1.94412260078e-07
1.90670889802e-06
-2.24059043531e-07
2.1046458233e-06
-7.55894047642e-08
3.38408417397e-06
2.98856166028e-07
9.26017323085e-06
2.12857192712e-06
1.66605228249e-05
2.42288803161e-06
2.19259524368e-05
2.26493225625e-06
2.68500922074e-05
2.08643290478e-06
3.2536857409e-05
1.7660484993e-06
3.94193219903e-05
1.45262627139e-06
4.75478763304e-05
1.12023117543e-06
5.69882476474e-05
7.8435360339e-07
6.84830821429e-05
4.29861488827e-07
8.03540827754e-05
1.15133635173e-07
9.26661465037e-05
-8.29229035046e-08
1.60840905653e-05
-8.23789675457e-08
1.30304004436e-05
4.20581338225e-09
7.7411469871e-08
1.17617053157e-09
2.46037097432e-08
1.2886501995e-07
9.32687737616e-09
1.60226500649e-07
1.44789291158e-09
5.96464338937e-07
-1.25636459633e-08
9.29326390987e-07
-3.23241478998e-08
1.32477441328e-06
-1.34633840437e-07
1.72841339249e-06
-2.86040493022e-07
2.18288812509e-06
-1.66721201892e-06
1.94521273004e-06
-7.0209104276e-07
2.01771645792e-06
-3.048155452e-07
2.25448672499e-06
-3.71424507774e-07
3.16610000771e-06
1.60901550785e-07
8.23435954163e-06
1.65023797308e-06
1.63431704858e-05
2.59014918625e-06
2.18596291621e-05
2.47480796186e-06
2.68130914021e-05
2.29797384457e-06
3.26808258135e-05
1.94095612356e-06
3.95890478023e-05
1.59468609313e-06
4.77245479986e-05
1.27483436774e-06
5.72327131174e-05
8.75750784976e-07
6.87240104006e-05
5.45227777885e-07
8.07040476888e-05
8.42632055705e-08
9.28507520678e-05
-6.20319669052e-08
1.6087483483e-05
-8.43494454948e-08
1.29502471752e-05
4.98323145464e-09
7.35998787603e-08
-1.05312739063e-09
2.56570735714e-08
1.22392999058e-07
1.14479024388e-08
1.54168383517e-07
1.53697700593e-08
5.9229870134e-07
5.54052000535e-09
9.43469073212e-07
-2.68431794134e-08
1.34258917892e-06
-5.0339441142e-08
1.8167513704e-06
-2.2327465791e-07
2.30088911871e-06
-4.0444764092e-07
2.88779694518e-06
-2.61022022951e-06
2.45591368138e-06
-1.14053345862e-06
2.47263362415e-06
-5.22880773439e-07
3.26864060521e-06
-4.70244118827e-07
7.35327991245e-06
1.03613721535e-06
1.5632872764e-05
2.5893385713e-06
2.15766359549e-05
2.89163686187e-06
2.66975148134e-05
2.58646902092e-06
3.27564243171e-05
2.21983109439e-06
3.9684975023e-05
1.84327910422e-06
4.78801030413e-05
1.43785442277e-06
5.74863719159e-05
1.02083571265e-06
6.90215659265e-05
5.79457557589e-07
8.10434128128e-05
2.09473638695e-07
9.30023881569e-05
-6.08963954564e-08
1.60973916138e-05
-7.01939296876e-08
1.28679132864e-05
-4.54353505226e-09
7.70911021804e-08
-1.47669820459e-09
2.71374801797e-08
1.28509858484e-07
-1.06586423419e-08
1.46267932185e-07
1.9339860757e-08
5.75504236881e-07
3.21093775195e-08
9.36461746736e-07
1.24158802415e-08
1.36551800264e-06
-5.00067652469e-08
1.84472910429e-06
-7.86639390788e-08
2.43310471802e-06
-3.56056185759e-07
3.1163367768e-06
-6.34138424707e-07
3.94113429711e-06
-4.09709875192e-06
3.56848173851e-06
-2.23870408084e-06
3.85304907042e-06
-1.11274193178e-06
6.33500394416e-06
5.05355720295e-07
1.50244321397e-05
1.70457515248e-06
2.13212103624e-05
2.91276939472e-06
2.66657573017e-05
2.92725585325e-06
3.27844771787e-05
2.55656432923e-06
3.97726355257e-05
2.13033799998e-06
4.80375027641e-05
1.68444848561e-06
5.77466496285e-05
1.17695826111e-06
6.92860210362e-05
7.57143373939e-07
8.14468578255e-05
1.78889750879e-07
9.32358562533e-05
-1.84595838058e-08
1.61031062762e-05
-6.50849333877e-08
1.27995102335e-05
-5.83205420139e-09
8.14578442012e-08
-8.67759802758e-10
2.80128493014e-08
1.35915713406e-07
-1.32179697385e-08
1.54054032601e-07
-1.84419549787e-08
5.36381152551e-07
5.84343109191e-08
9.13059039502e-07
5.54335713479e-08
1.35717159085e-06
2.05491253402e-08
1.88477267467e-06
-9.04451323316e-08
2.48000594032e-06
-1.26189728918e-07
3.33093768958e-06
-5.71708612705e-07
4.67109755412e-06
-1.36705086854e-06
6.55471642203e-06
-7.09273878994e-06
6.20083056003e-06
-4.60160870854e-06
7.60966563109e-06
-2.45255815457e-06
1.39479796198e-05
1.42911768361e-06
2.05312572221e-05
2.51567572088e-06
2.64388486485e-05
3.15285596332e-06
3.2713320932e-05
2.99876717799e-06
3.97556970993e-05
2.57202811797e-06
4.81861377589e-05
1.98022379022e-06
5.8004974603e-05
1.42528959274e-06
6.96229588971e-05
8.40358067671e-07
8.18270754502e-05
3.79104717475e-07
9.34277413336e-05
-8.39023919359e-09
1.61244174568e-05
-3.84593434596e-08
1.27359917224e-05
-3.57613857343e-09
8.41888139239e-08
-9.85722666065e-10
2.90054459426e-08
1.40512308022e-07
-8.13601273607e-09
1.63153514277e-07
-2.22918721048e-08
5.77327669386e-07
-5.93718954559e-08
8.47427765189e-07
1.24032068433e-07
1.32668027275e-06
8.58330619996e-08
1.87712939245e-06
2.78728749992e-08
2.56063364877e-06
-1.7170666612e-07
3.42922295501e-06
-2.25640475088e-07
4.93114745623e-06
-8.33941141571e-07
7.79084248978e-06
-2.60998381997e-06
1.21965925922e-05
-1.31224104861e-05
1.08936293675e-05
-7.95236394976e-06
1.4857207686e-05
-3.52403399965e-06
2.0286273297e-05
1.60255993146e-06
2.58106117026e-05
3.14685583663e-06
3.2348318106e-05
3.52025043315e-06
3.96635587647e-05
3.0903573603e-06
4.82654788402e-05
2.49149023069e-06
5.82227129944e-05
1.76158024552e-06
6.99058196722e-05
1.14246445653e-06
8.23126725124e-05
3.56345369041e-07
9.37415049305e-05
6.90510740926e-08
1.61435973517e-05
-2.6471411536e-08
1.26988798982e-05
-3.88852332255e-09
8.71120887729e-08
-9.92588037455e-10
3.00043694627e-08
1.45324658692e-07
-8.66729602991e-09
1.6870192973e-07
-1.3642148123e-08
6.09502993739e-07
-5.43629515776e-08
9.24836499069e-07
-1.36727349006e-07
1.23403136521e-06
2.16661286254e-07
1.84437000237e-06
1.18512490456e-07
2.5668199608e-06
2.12372960332e-08
3.56572970187e-06
-3.09103061197e-07
4.98444263784e-06
-2.80740319281e-07
7.96007834717e-06
-1.00815056022e-06
1.34473178112e-05
-3.8744534358e-06
2.16503161005e-05
-2.39150635663e-05
1.70167212027e-05
-1.01882486227e-05
1.97334572209e-05
-3.02946071465e-06
2.47900045099e-05
2.60388565143e-06
3.15528730102e-05
3.94265888868e-06
3.92426297658e-05
3.9413302339e-06
4.82362501232e-05
3.11890457375e-06
5.84122945668e-05
2.30114123256e-06
7.02945456021e-05
1.37275351913e-06
8.27583375199e-05
6.97974363649e-07
9.40102696796e-05
9.05240498548e-08
1.61989406902e-05
1.46006201996e-08
1.2673538779e-05
-3.96302977667e-09
9.01014163381e-08
-3.46437014712e-10
3.03558373122e-08
1.50273085054e-07
-8.88042404144e-09
1.7438472591e-07
-1.4310760701e-08
6.33613643843e-07
-3.76057004611e-08
9.81870306148e-07
-1.11217959137e-07
1.36529540638e-06
-2.67854377164e-07
1.72425315633e-06
3.36819701342e-07
2.52571094107e-06
1.59651337731e-07
3.54293469758e-06
4.36138619973e-08
5.12194826167e-06
-4.47287186813e-07
7.71265312846e-06
-3.46657876465e-08
1.33791090718e-05
-9.48139858472e-07
2.07371089432e-05
-2.98051640522e-06
2.79695449925e-05
-3.4878066413e-05
1.95557393908e-05
-1.00321354926e-05
2.20082835971e-05
-2.59523542115e-07
2.9930103051e-05
4.22238693562e-06
3.83889431396e-05
4.79596422855e-06
4.78375022388e-05
4.33979744439e-06
5.84694780427e-05
3.0612252871e-06
7.06037843965e-05
1.99180960962e-06
8.33902253721e-05
7.41824822356e-07
9.44902802167e-05
2.20382175783e-07
1.626070166e-05
2.94787699141e-08
1.26890593183e-05
-1.40342845162e-09
9.1173454183e-08
5.31440546589e-10
2.98286768099e-08
1.52036370003e-07
-3.14180113236e-09
1.80258271067e-07
-1.47175278741e-08
6.52843186437e-07
-3.34015257558e-08
1.02032315468e-06
-7.58485218961e-08
1.45740347276e-06
-2.03073513042e-07
1.93204172187e-06
-4.75380290219e-07
2.36534329973e-06
4.97382311828e-07
3.44959974461e-06
2.53377405701e-07
4.99080935213e-06
1.75263830508e-07
7.72672933963e-06
-4.59761644647e-07
1.27124657369e-05
6.36814449484e-07
2.0462991564e-05
-6.73560216788e-07
2.66366335342e-05
-1.64599287562e-06
2.9233345078e-05
-4.45501342824e-05
1.68715097365e-05
-4.89475730884e-06
2.62857519133e-05
3.38319498182e-06
3.61346324574e-05
6.47648293018e-06
4.68221607323e-05
5.81135426993e-06
5.82128250126e-05
4.59627924941e-06
7.09700279655e-05
2.69497551352e-06
8.39694080151e-05
1.41347456437e-06
9.49509147014e-05
2.83325696728e-07
1.63886065202e-05
9.30717058881e-08
1.27192764303e-05
2.14253656698e-09
8.95752540578e-08
5.43880503019e-10
2.92901951839e-08
1.49340311968e-07
4.86029210645e-09
1.82326858713e-07
-5.18080576531e-09
6.74395927853e-07
-3.61409985276e-08
1.04875922244e-06
-6.16409406641e-08
1.50980829186e-06
-1.27997217563e-07
2.06525400392e-06
-3.35965219176e-07
2.67430055326e-06
-7.83928605116e-07
3.224885257e-06
7.22634802537e-07
4.67115431352e-06
5.74146511139e-07
7.38534554976e-06
5.205910328e-07
1.21218897803e-05
1.42906742411e-07
1.94959772648e-05
1.62716904597e-06
2.67274924713e-05
-7.49175775515e-07
2.75989304796e-05
-2.7675909768e-05
1.92110564126e-05
2.18296663459e-06
3.11217745267e-05
8.39688014369e-06
4.41065219177e-05
9.19267010323e-06
5.74715706177e-05
6.55285481569e-06
7.10786743571e-05
4.48778977579e-06
8.4894151673e-05
1.7709608208e-06
9.58070943846e-05
5.59218940521e-07
1.65409987291e-05
1.31465348373e-07
1.28129630089e-05
2.16370525324e-09
8.79717038511e-08
5.5822533042e-10
2.87330391582e-08
1.46638928959e-07
4.89249934059e-09
1.79044315761e-07
8.16918277882e-09
6.82578563495e-07
-1.32556166122e-08
1.08175291253e-06
-6.8949744325e-08
1.54759350342e-06
-9.91894880419e-08
2.12858354335e-06
-1.91065304423e-07
2.84376506129e-06
-5.05096226883e-07
3.67599611488e-06
-1.23457993278e-06
4.39598927626e-06
9.98958990296e-07
6.45765085648e-06
1.50511405627e-06
1.14742369408e-05
1.17797775456e-06
1.85201470209e-05
1.14162063878e-06
2.65154400203e-05
1.86058874985e-06
2.6855926443e-05
-8.46275835255e-06
2.1273888082e-05
1.20335216289e-05
3.83143299873e-05
1.41902534049e-05
5.52637052358e-05
1.14012636419e-05
7.08780086474e-05
6.75396503013e-06
8.58740673814e-05
3.50850907605e-06
9.68853909938e-05
6.94251115527e-07
1.68305474683e-05
2.70151131118e-07
1.29449805806e-05
2.2245734039e-09
8.63085566974e-08
7.5392357641e-10
2.79784310518e-08
1.43817063344e-07
5.05175011952e-09
1.75754712695e-07
8.21543636524e-09
6.69879534113e-07
2.09691715737e-08
1.09343831035e-06
-2.47762938118e-08
1.5925067007e-06
-1.13635310213e-07
2.17421242862e-06
-1.44582734536e-07
2.90933371083e-06
-2.56455598792e-07
3.8407050944e-06
-6.69596681647e-07
5.06918929869e-06
-1.90757972122e-06
5.9274660415e-06
1.53032589972e-06
9.17718539101e-06
3.80756213347e-06
1.76134395753e-05
2.09757943927e-06
2.58112956214e-05
1.85656010504e-06
2.87165595657e-05
1.28125205252e-05
2.60433329672e-05
2.43064765977e-05
5.03077718362e-05
1.91474342517e-05
6.91875881157e-05
1.30925484798e-05
8.75927765226e-05
5.03597143459e-06
9.88886477959e-05
1.50643716109e-06
1.71909000783e-05
3.34295284179e-07
1.32156310845e-05
2.8744376943e-09
8.41859524714e-08
1.03401364328e-09
2.69482574917e-08
1.40294146108e-07
6.3937390049e-09
1.72284621064e-07
8.52816483725e-09
6.58110756821e-07
2.01123207684e-08
1.0721926737e-06
4.23863456482e-08
1.60591638858e-06
-3.79575889882e-08
2.22976709063e-06
-1.6894585806e-07
2.95896425013e-06
-1.94046490037e-07
3.89211710665e-06
-3.07932544737e-07
5.11066707748e-06
-7.11283381242e-07
6.86262730917e-06
-2.84355594747e-06
7.76965016157e-06
2.93640203556e-06
1.30332257481e-05
8.3882860763e-06
2.5470389315e-05
2.43761205133e-06
3.05613931244e-05
3.88573166029e-05
3.68408141308e-05
3.77751204642e-05
6.50387223644e-05
2.32976196728e-05
8.99443633351e-05
1.07420005642e-05
0.000101989317628
1.93629902632e-06
1.79449420688e-05
7.52686917169e-07
1.35503393875e-05
4.26487278107e-09
8.09666236701e-08
9.213913655e-10
2.60321767263e-08
1.34859097013e-07
9.71917102902e-09
1.68054957574e-07
1.06188457552e-08
6.45310114949e-07
2.1351961697e-08
1.05223420205e-06
4.02896084807e-08
1.57287528358e-06
7.57026605593e-08
2.24060306688e-06
-4.84897630335e-08
3.01589904414e-06
-2.2565170746e-07
3.93593905198e-06
-2.3785486849e-07
5.12344284512e-06
-3.21240182886e-07
6.67574960095e-06
-5.2538421454e-07
8.64815276138e-06
-3.72470331498e-06
8.94210847561e-06
7.01790133339e-06
1.88521752454e-05
1.49904085176e-05
3.29843251843e-05
7.56994027539e-05
5.16023183714e-05
5.12131088673e-05
9.65788057637e-05
1.66646098253e-05
0.000108016614956
4.71590357809e-06
1.89322400514e-05
9.49238378571e-07
1.43033296147e-05
3.27586003533e-09
7.86280966924e-08
7.41261428332e-10
1.31156886956e-07
7.00466121054e-09
1.6144999717e-07
1.63472490782e-08
6.32625488191e-07
2.3284638469e-08
1.02907685387e-06
4.45447141394e-08
1.53997177498e-06
7.35451499246e-08
2.19143174857e-06
1.25307911354e-07
3.0213439715e-06
-5.35243891941e-08
3.99357065803e-06
-2.8307771404e-07
5.14545011437e-06
-2.6006997127e-07
6.59123844733e-06
-2.38074622771e-07
8.12059331923e-06
5.21299678141e-06
1.15212417247e-05
1.43283933825e-05
2.6406588283e-05
2.15505960042e-05
0.000127302787228
0.000111427192224
3.63662410395e-05
0.00011874106493
5.94172152849e-06
2.12101896208e-05
2.43823010963e-06
1.52528151977e-05
3.52522917725e-09
8.38653054317e-09
1.57260127879e-07
1.12264225415e-08
6.04757182184e-07
4.4301961141e-08
1.0061870265e-06
4.61380449354e-08
1.49861497078e-06
8.59496982445e-08
2.13596899288e-06
1.29560951249e-07
2.94724639519e-06
2.00091869082e-07
3.95417028237e-06
-1.35276362577e-08
5.13703909955e-06
-2.74365654839e-07
6.56736977556e-06
-2.36475141926e-07
7.88070373018e-06
1.67298445008e-05
1.49497546128e-05
2.57707797794e-05
2.45128978047e-05
-2.97896495025e-06
9.18647785898e-05
0.000146865994473
0.000144285530814
1.08233235787e-05
2.41306727563e-05
3.02159735521e-06
1.76913314545e-05
1.44734917041e-08
5.97774767492e-07
1.83276777029e-08
9.60722128622e-07
8.9906326651e-08
1.457909072e-06
8.67777188124e-08
2.06190010187e-06
1.60076965168e-07
2.84770875459e-06
2.29962995699e-07
3.84777118512e-06
3.07589590466e-07
5.08184754436e-06
4.26102212744e-08
6.52053343768e-06
-2.26891737263e-07
7.64515217406e-06
3.16792393069e-05
1.77418251749e-05
3.25415395419e-05
1.17606920942e-05
-1.4768057686e-05
0.000203256581145
3.28945110439e-05
1.74207528136e-05
0.000129444309665
2.9422437591e-05
5.53198580554e-06
2.07133023057e-05
5.13125969355e-08
9.51368414532e-07
2.7871720812e-08
1.39116976575e-06
1.5685411712e-07
1.99329432578e-06
1.55270013928e-07
2.71734504632e-06
2.90498629395e-07
3.66018776915e-06
4.18904892291e-07
4.86442669754e-06
5.26773654657e-07
6.22095042847e-06
3.44489317238e-07
7.42010083135e-06
4.94352729135e-05
1.78473038016e-05
2.64497331108e-05
-9.07254715748e-07
-1.38989759261e-05
0.000211433550198
9.24348397262e-06
4.50961773119e-05
1.72213039999e-05
7.75449085728e-06
0.000121688326348
2.6245683811e-05
1.12455018422e-07
1.37794258358e-06
4.13799615303e-08
1.90178327834e-06
2.48665679442e-07
2.60985952783e-06
2.62574794173e-07
3.44577471097e-06
5.0494412137e-07
4.49893700769e-06
7.86548361735e-07
5.78788126636e-06
9.62958615492e-07
6.57221270232e-06
1.19859632435e-06
6.7312887208e-05
1.03323380669e-05
1.51909945053e-05
-1.23044714687e-05
-1.63727487586e-06
0.000217514985757
1.67258319129e-06
4.93520123816e-05
4.9876458139e-06
4.34672391147e-05
-9.90006945971e-07
0.000122677066137
1.98370519532e-07
1.88392318104e-06
5.96396351776e-08
2.49256691524e-06
3.66382420653e-07
3.29156490705e-06
4.16523037555e-07
4.19676149002e-06
8.07090668106e-07
5.18500846898e-06
1.39224190248e-06
5.86963465799e-06
1.67148514997e-06
5.05430300073e-06
-3.84251675836e-06
7.76776143429e-05
-1.15742449761e-06
4.01310454843e-06
-9.47912032276e-06
7.7905617892e-06
0.000217559337464
-1.03443907808e-06
5.04539475279e-05
5.70422526231e-07
4.84549986595e-05
-3.45696344197e-06
0.000126133354984
3.07127101638e-07
2.47143855641e-06
8.12914147766e-08
3.15648508756e-06
5.02046459238e-07
4.00046338473e-06
6.12470442368e-07
4.86811119336e-06
1.12387371043e-06
5.48260635795e-06
1.78194529568e-06
5.08697112555e-06
1.64656737983e-06
2.35362215345e-06
-6.18218065779e-06
7.65507900478e-05
6.43296967295e-06
-1.19264346686e-05
2.2444990666e-05
-1.46958991474e-05
0.000216027704394
-1.92456484816e-06
5.0200745009e-05
-7.81221767149e-07
4.90252209408e-05
0.000130478228062
-4.34495290148e-06
4.30886513659e-07
3.1384446452e-06
9.99761458649e-08
3.87774147896e-06
6.25557395159e-07
4.67786542635e-06
8.02190507522e-07
5.31528507032e-06
1.29122743038e-06
5.23393028023e-06
1.6370016395e-06
3.35728413577e-06
6.49670892348e-07
-1.30881106604e-06
-4.8599816174e-06
5.48778522106e-05
2.8110750783e-05
3.28795505982e-05
-2.23866113724e-05
0.000128931886492
-1.31510723346e-05
0.000214099870863
-2.41545034258e-06
4.95628838411e-05
-1.2864761446e-06
4.82440163848e-05
5.53060717929e-07
3.87849906035e-06
9.99612686123e-08
4.62895010332e-06
6.75552604675e-07
5.24772570003e-06
8.68786574647e-07
5.40312790393e-06
1.12116991361e-06
4.41910918254e-06
5.75791874865e-07
3.32094448519e-07
-9.85714140994e-07
-3.3278356689e-06
-1.51792327582e-06
3.49127474829e-05
5.27970776981e-05
-3.22626801829e-06
3.13284093714e-05
0.00012238433874
-1.5842326339e-05
0.000206075673161
-5.12432400939e-06
4.86839950588e-05
-1.53611984991e-06
4.69577865223e-05
6.45597499935e-07
4.6794943505e-06
5.01773185796e-08
5.37023767918e-06
5.54511739896e-07
5.62643421401e-06
6.44716058576e-07
5.19417408867e-06
3.44538405953e-07
3.0015076048e-06
-2.09423070213e-06
-1.60778357342e-06
-2.69955898109e-06
-4.989775218e-06
3.48765030347e-06
2.81902546789e-05
0.000129083967629
-2.12760064556e-05
7.08277385777e-05
3.31004807995e-06
2.80150183792e-05
0.000196101732454
-5.86499967272e-06
4.64994136616e-05
-2.93905466666e-06
4.54221391457e-05
6.64242641983e-07
5.51224779102e-06
-9.12735345517e-08
6.05357371194e-06
1.29198798792e-07
5.92343026345e-06
-8.49542695478e-08
4.8432628051e-06
-1.49941713709e-06
1.83937822191e-06
-5.54331395419e-06
-2.26486588699e-06
-5.41689630889e-06
-1.27604185403e-06
4.77916197995e-06
0.000214183409073
1.01083135406e-05
-1.39650482597e-05
0.000121760997053
3.93299129025e-06
7.01993144663e-05
-1.05616833173e-05
3.8569609668e-05
4.38036940702e-05
-3.1683540763e-06
4.24838151717e-05
5.29619023368e-07
6.31981647993e-06
-3.57650155178e-07
6.70265385355e-06
-6.48133408707e-07
6.21036320945e-06
-1.45160711745e-06
4.80008956209e-06
-4.463838024e-06
2.5708810085e-06
-1.03834512734e-05
2.58118323286e-06
-9.26393500222e-06
7.75692376847e-06
-2.97580086301e-06
0.000203548917446
-3.33032710501e-06
4.86864272641e-05
5.22640405059e-06
1.45582163053e-06
0.000124239619025
-1.54856973214e-05
7.51242809791e-05
3.77570998978e-05
7.99196384396e-07
3.93164401315e-05
8.96486682956e-08
7.29761315341e-06
-9.54379369208e-07
7.52369439743e-06
-1.96094054111e-06
7.25705855502e-06
-3.90794958535e-06
6.437146258e-06
-8.3374194137e-06
7.51597446735e-06
-1.53249975356e-05
1.36961752111e-05
-1.51916585127e-05
4.21936717541e-05
-7.43093326713e-06
0.000205248536839
-2.42297123618e-07
4.69233281579e-05
-1.56656402356e-06
4.45438313371e-05
-1.26994671518e-05
0.000121452127409
7.74565993143e-05
-1.54373500134e-06
-6.89582999594e-07
8.56257565679e-06
-1.99840741693e-06
9.01606433929e-06
-3.72277078013e-06
9.86848445395e-06
-7.34073486828e-06
1.18294262831e-05
-1.26614187684e-05
1.89827314907e-05
-2.06202727973e-05
4.35920093376e-05
-1.65926214601e-05
7.98734995345e-05
-9.87160252208e-06
0.000197217056552
-4.66841466746e-06
4.69584579655e-05
-2.77104693492e-07
4.29780677537e-05
0.0001234874532
-3.58833990022e-06
-1.87583276817e-06
1.0597997761e-05
-3.59340110738e-06
1.22026304383e-05
-6.06230835942e-06
1.57579322953e-05
-1.12748354577e-05
2.28735651536e-05
-1.65672607559e-05
4.33210850631e-05
-2.03610713367e-05
7.90526485114e-05
-1.57813973543e-05
0.000124866100767
-1.12646081469e-05
0.000195564930692
-1.94246153506e-06
4.47405829374e-05
-2.4506616559e-06
4.27012465648e-05
-3.39544508542e-06
1.47415279219e-05
-6.16164456137e-06
1.83922271488e-05
-8.70606289803e-06
2.69732016112e-05
-1.53788876448e-05
4.40187503215e-05
-1.72879406769e-05
7.69925164335e-05
-1.83137209664e-05
0.000123496287271
-1.44245049202e-05
0.000188997752872
-4.70531741661e-06
4.39196492803e-05
-1.12231000595e-06
4.02505226409e-05
-4.64761620787e-06
2.14366748793e-05
-9.24108085189e-06
2.9473522679e-05
-1.12220862449e-05
4.59484697467e-05
-1.73053621725e-05
7.60481769898e-05
-1.63709631705e-05
0.000120819963765
-1.56498117058e-05
0.000180641602291
-6.07404775081e-06
4.18335270929e-05
-2.62008634461e-06
3.91275830395e-05
-5.74112440756e-06
3.23599285335e-05
-1.21661543832e-05
4.74286287331e-05
-1.27245406945e-05
7.53254396504e-05
-1.65796601197e-05
0.000117476484057
-1.30425120184e-05
0.00017068546378
-5.70135143681e-06
3.85933999675e-05
-2.83492683573e-06
3.65066890128e-05
-6.53690192707e-06
4.93328668768e-05
-1.41154560354e-05
7.45513533327e-05
-1.19736737957e-05
0.000113494691087
-1.26077874758e-05
0.000162211177481
-4.57926971452e-06
3.50080663179e-05
-2.11733675647e-06
3.36707551531e-05
-6.70150901412e-06
7.38464922935e-05
-1.34521580267e-05
0.000109846860862
-8.34206536402e-06
0.000153906205575
-4.31365832279e-06
3.24620705896e-05
-2.03505251629e-06
3.15521639783e-05
-6.32590518778e-06
0.000106354902657
-9.99405920007e-06
0.00014809091786
-2.53982800057e-06
3.02334487969e-05
-2.08713276836e-06
2.95153956893e-05
-4.54515982667e-06
0.00014101043555
-2.93339699301e-06
2.89385292697e-05
-1.24730594438e-06
2.74261832545e-05
-1.30798476108e-06
2.74480809891e-05
-1.44624651425e-06
2.61765843179e-05
-6.46005968217e-07
2.47273730187e-05
)
;

boundaryField
{
    inletfuel
    {
        type            calculated;
        value           nonuniform List<scalar> 3(-8.53772010419e-08 -2.56117290709e-07 -4.26920771517e-07);
    }
    inletair
    {
        type            calculated;
        value           nonuniform List<scalar> 
20
(
-9.07932453613e-07
-1.4503411985e-06
-2.12601665183e-06
-2.96247715792e-06
-3.99259069705e-06
-5.25556899186e-06
-6.7981795637e-06
-8.67616148259e-06
-1.09559111406e-05
-1.37164764787e-05
-1.70519248722e-05
-2.10741532291e-05
-2.59162223538e-05
-3.17363133836e-05
-3.8722403245e-05
-4.7097863858e-05
-5.71279294316e-05
-6.91277839216e-05
-8.34712280805e-05
-0.000100602801429
)
;
    }
    outlet
    {
        type            calculated;
        value           nonuniform List<scalar> 
26
(
2.52932273361e-08
7.58510332804e-08
1.26306953775e-07
1.51186537217e-07
5.60983160691e-07
8.90292303872e-07
1.29210009975e-06
1.77521289167e-06
2.34766737567e-06
3.01613649762e-06
3.78557570132e-06
4.65997630252e-06
5.64511085222e-06
6.75640681898e-06
8.07046016731e-06
9.73686779963e-06
1.20974879198e-05
1.59654372089e-05
2.24911893498e-05
3.31152547388e-05
4.94631219361e-05
7.34386466198e-05
0.000104543669281
0.000137747570373
2.67818254424e-05
2.40775140828e-05
)
;
    }
    leftside
    {
        type            calculated;
        value           uniform 0;
    }
    burnerwall
    {
        type            calculated;
        value           uniform 0;
    }
    front
    {
        type            wedge;
        value           nonuniform List<scalar> 
1571
(
1.94500494196e-18
-7.98191669143e-18
-2.52988735437e-17
-1.74440889122e-17
-5.37446450527e-18
-1.29510634357e-17
1.82415886282e-17
6.42215630693e-18
3.45113017056e-18
1.09339675094e-17
-7.36994664507e-18
1.74587036674e-17
3.87475396498e-18
-2.44894014524e-19
4.38857131875e-19
8.30423160317e-19
1.42794003508e-18
-1.36603620314e-18
1.03654212386e-17
3.85599029342e-18
-8.14524863954e-18
5.36898305443e-18
-7.69514696699e-19
-9.91173107864e-19
-6.25585696872e-18
2.4448100883e-18
-5.17867732577e-18
1.20489660042e-18
5.36102896502e-18
1.06959173138e-17
-3.91474919536e-18
-2.45159836138e-17
-1.14809471004e-17
-3.5455444527e-17
-7.21382098783e-18
-3.52196816901e-18
-1.15711239337e-18
1.95017679888e-17
3.31562058723e-18
7.82006796741e-18
-6.23701741966e-18
-5.47821872411e-18
-3.94681197001e-17
-1.1711140936e-17
-3.78156134049e-18
-8.45178643809e-18
-1.16303863162e-17
-8.17413639984e-18
3.7191228682e-17
1.53736234414e-17
3.8461428654e-18
-1.91614152097e-18
2.88370175553e-18
-1.28558072438e-17
6.76002325502e-18
-2.46265549629e-17
-1.61402441733e-17
-2.90114229979e-17
2.93191124989e-17
2.29826036836e-17
4.99133091421e-18
-8.96602088838e-18
-1.2748442618e-17
-1.46891752519e-17
-6.31610755599e-18
-7.76934492321e-18
2.82910686217e-18
-8.33658545378e-19
1.08313490055e-17
2.60705822384e-17
-1.26629651056e-17
-3.71087336852e-18
9.00304394497e-19
-1.83133823586e-18
1.43974277445e-18
2.55320225297e-18
3.77334388288e-18
-2.93240818089e-18
2.68541503977e-17
8.42138646139e-18
2.42579930175e-18
1.7535254083e-17
-2.68311459235e-17
-3.8364835973e-18
-1.8047309392e-17
7.161701077e-18
-1.03459400423e-17
3.8478585269e-18
1.56330584572e-17
3.02332098507e-17
-1.24284117708e-17
-2.33387137641e-17
3.89898299196e-18
-5.23350172333e-17
-1.91935502263e-17
-9.88230879433e-18
-3.26948373911e-18
4.70440153883e-17
8.87191236001e-18
-2.0421943581e-17
-1.80703411639e-17
-1.55057042571e-17
-1.06896873852e-16
-3.27318413774e-17
-1.49418575968e-17
-2.4223627202e-17
-3.31399300077e-17
-2.32416621514e-17
9.70542545809e-17
2.90440669184e-17
1.0774451429e-17
-5.4773235837e-18
8.14158837405e-18
-3.68777686961e-17
4.14134255714e-17
-6.97512977971e-17
-8.88624954945e-17
-3.50456505963e-17
6.59686307788e-17
9.58929396896e-17
2.30622655356e-18
-3.97270878355e-18
2.3947656968e-19
5.87744010055e-18
1.19884479332e-17
1.13073543635e-17
3.98692105644e-18
5.67632605953e-18
1.61125560124e-17
1.78065647912e-17
1.38357415656e-17
-1.67404794884e-17
4.80258580803e-19
-3.29835870156e-18
4.29587314416e-18
5.36732860931e-18
4.85203596075e-18
1.60889410432e-18
1.24856864963e-17
6.79592928448e-18
1.43479424862e-17
2.56221516542e-17
-3.30686090727e-17
-3.81145726782e-18
-2.86046019481e-17
1.30933124194e-17
7.35597287979e-18
9.24677670782e-18
2.83208158228e-17
4.87752711858e-17
-1.9943490789e-17
-1.10831227045e-17
-2.52570199763e-17
-6.04160572156e-17
-2.91957270144e-17
-1.55731345239e-17
-5.28762006574e-18
3.50520003538e-17
1.06586855016e-17
-5.37458803459e-17
-2.98205710705e-17
-2.51364719279e-17
-1.22043633073e-16
-5.04629702589e-17
-6.80725274059e-17
-4.09951903024e-17
-5.52185016188e-17
-3.84044603902e-17
9.35694053029e-17
-1.20597068485e-17
1.66398013958e-17
-9.22682326478e-18
1.30878400261e-17
-6.0949702344e-17
1.08437810004e-16
-1.17730550982e-16
-1.0728151731e-16
-2.84487158034e-17
6.78424087733e-17
1.33318996766e-16
-8.8681907205e-20
6.42641733255e-19
-4.4576366436e-19
-6.35074251032e-20
1.60368047907e-18
-1.45669916132e-18
2.8958503715e-19
2.06770368664e-18
-1.05867728523e-18
-6.39771013788e-19
-9.86065458334e-19
9.08079005253e-19
-6.65886404876e-19
2.54731388523e-20
3.77326254559e-18
-1.354786609e-18
3.54691052697e-18
4.88657459579e-18
8.6271317881e-18
6.45519654078e-18
-2.05027271709e-18
9.90675760279e-18
-2.77557584262e-18
8.88108826528e-18
7.36926087431e-18
4.60585960142e-18
6.130189367e-18
3.60442267709e-18
5.98977650022e-18
9.07371277114e-18
2.27546015964e-17
-2.33160755392e-17
-1.8239774057e-18
-1.6604834564e-17
2.08539392868e-17
2.01068263066e-17
1.35342515739e-17
3.8310298532e-17
5.53027642118e-17
2.18419391614e-18
-2.8032237825e-18
-1.77846119092e-17
-6.29933017955e-17
-3.16008909553e-17
-1.72076835886e-17
-5.91282007592e-18
2.31515429595e-17
8.97863605083e-18
-4.8976265332e-17
-3.38224490462e-17
-2.90363112039e-17
-9.84605875194e-17
-5.54589318206e-17
-1.00354100377e-16
-4.86348953188e-17
-6.64928022323e-17
-4.5531114421e-17
4.53382477395e-17
-4.87329005005e-17
1.93676827056e-17
-1.12770237667e-17
1.486594624e-17
-7.1814927061e-17
1.44262093214e-16
-1.44495483688e-16
-1.04970139429e-16
-5.53910107365e-17
7.87192741567e-17
1.02848623628e-16
-1.98031696716e-17
4.22234938001e-17
-7.31585598692e-18
-3.22421909661e-17
-2.37118787312e-17
-2.05259620095e-17
-2.16382013089e-17
2.20331091557e-17
-9.37526901641e-18
1.18513692133e-17
-2.31677590653e-17
3.16720110292e-17
6.64894833978e-17
-1.18859751506e-17
5.42730393704e-17
2.78683659194e-17
1.4288003866e-17
3.61923466326e-17
-1.16319804897e-17
2.06088668434e-17
1.36153797563e-17
4.9185465773e-17
-5.63330625737e-17
6.77287739226e-18
-1.07623735079e-17
1.08491086367e-16
1.03699469654e-16
6.24384090551e-17
1.71798617465e-16
1.94092856474e-16
7.1497400361e-17
1.22592400909e-17
-2.95911382083e-17
-2.03768084509e-16
-9.93885374511e-17
-5.57449585694e-17
-1.92034053612e-17
5.11777320915e-17
1.71118861471e-17
-1.3996651063e-16
-1.17581942776e-16
-1.03552390106e-16
-2.57341749054e-16
-1.87176339095e-16
-4.28138280158e-16
-1.7558468891e-16
-2.55769503788e-16
-1.69129367465e-16
8.8799869899e-18
-2.69398006875e-16
7.46020242243e-17
-4.4550864651e-17
5.07163357944e-17
-2.62709043778e-16
5.80071314399e-16
-5.57891800535e-16
-3.2199280581e-16
-3.01210835726e-16
3.30705992271e-16
2.17946482382e-16
-2.35173860307e-16
-8.82287285391e-17
-3.32682648425e-17
-1.10742374697e-16
-1.45500464918e-17
-4.16521249534e-17
6.22529794534e-17
8.65443888297e-17
-6.30379324033e-17
-2.10696844005e-17
-2.48489510854e-17
7.11814038076e-17
4.16892026429e-17
1.23736061917e-16
1.83212438053e-17
1.16249028792e-16
2.92954811249e-17
5.71314109512e-17
9.55185616806e-17
6.90540049591e-17
3.18402127408e-17
5.51878033957e-18
1.15105948828e-18
6.6541336428e-17
-5.52917233106e-17
1.34070947811e-17
1.60511372795e-16
1.30208388434e-16
8.84093676018e-17
2.63009779346e-16
8.51943933134e-17
6.40987528844e-18
-8.85785443737e-17
-1.33579742836e-16
-8.65255767243e-17
-5.77601844491e-17
-1.86409638998e-17
8.59411450368e-17
-9.37619413893e-18
-2.23165474793e-16
-1.66422079687e-16
-1.46351914874e-16
-1.73138419943e-16
-2.55811545964e-16
-3.3775063045e-16
-2.17755766035e-16
-4.26753637966e-16
-2.54740721431e-16
-3.57595355645e-17
-1.80933022951e-16
1.37851721328e-16
-8.07461414459e-17
5.87141180682e-17
-3.73926828634e-16
5.78160864304e-16
-6.53281504553e-16
-6.78240129673e-17
-5.15512599565e-16
5.94773860598e-16
-1.05153766502e-16
-1.00224661664e-16
-9.5386534729e-17
-8.26122897757e-17
-1.49269929585e-17
-1.38403710635e-16
5.449468783e-17
5.61966598391e-17
-2.61171686113e-17
-6.1339820583e-17
3.35005028767e-17
1.29552580585e-16
2.50404435641e-16
8.77252721588e-17
2.80196182633e-16
1.20308582122e-16
1.27024828966e-16
1.29822326243e-16
1.83816137033e-16
1.08168711724e-16
9.04174198768e-17
9.06967970382e-17
3.10016975496e-17
1.14933906674e-16
1.06039616799e-16
4.8623598347e-17
7.32864769776e-17
1.13722466761e-16
1.58874411876e-16
7.1315898239e-17
1.56430313752e-16
1.53672743178e-16
1.33634169634e-16
2.33762605351e-18
-5.60728641261e-17
-4.79863603938e-17
-4.04482174278e-17
-8.04313360749e-18
-3.05531758752e-17
-9.9524550756e-17
-2.13633577693e-16
-1.94564662545e-16
-1.7961734945e-16
-1.41835196186e-16
-3.70561808823e-16
-2.93840179927e-16
-2.71662405497e-16
-3.34838225421e-16
-3.28246884995e-16
9.87890173213e-18
-3.8858703321e-16
-3.60389526833e-17
-1.49597714681e-16
4.03870970334e-17
-4.76559056534e-16
6.3510672799e-16
-5.92269947705e-16
-1.21995220217e-16
-7.58036153663e-16
3.97957119832e-16
-4.75036626815e-16
-3.05015570195e-17
-2.96794731442e-17
-8.99797940139e-17
-3.74055598445e-17
-7.53928651623e-17
-7.16202978789e-17
-3.59772742451e-17
-2.76179490765e-17
-4.72414666372e-17
-6.21698637907e-18
-1.01614492931e-16
1.74537770857e-16
1.51672841414e-16
2.96098447129e-16
2.1845793838e-16
1.59510678446e-16
1.24159833839e-16
1.36784934478e-16
1.32307796185e-16
9.62967951822e-17
1.10418317357e-16
6.57187194091e-17
9.76509605433e-17
9.20054410716e-17
1.23076670528e-16
-3.50277829337e-17
1.2704169312e-16
1.81526398389e-16
3.88698976415e-17
9.7859123589e-17
1.68537783629e-17
2.15730101423e-16
3.71265171611e-18
-9.3136781386e-19
3.5045631894e-19
-8.51159663744e-18
1.75340050534e-17
1.118697188e-17
-2.27768190132e-16
-2.45164987023e-16
-2.18250759548e-16
-2.04060732687e-16
-1.67576982878e-16
-2.44203490299e-16
-1.91106582446e-16
-3.5522822687e-16
-2.88297411228e-16
-4.22321772326e-16
-6.95405738461e-17
-4.66890963093e-16
-1.87090940623e-16
-2.25137102197e-16
-2.06438796232e-17
-5.50754174981e-16
7.70267374052e-16
-7.07514642358e-16
-1.83449562994e-16
-1.04631690579e-15
2.80178103853e-16
-4.49786733306e-16
-9.74407771458e-18
3.26168778736e-19
-2.68567382577e-17
-2.4378715184e-17
-3.40196950825e-17
-3.64111686852e-17
-4.5157448259e-17
-3.91503962402e-17
-4.48720658159e-17
-4.01834791899e-17
-5.4596220499e-17
-2.22517053464e-17
-2.61216581982e-17
5.37665613924e-17
1.24402782555e-16
1.18249546888e-16
1.11556590421e-16
8.01726739826e-17
1.04086448177e-16
5.17412902262e-17
9.40891592657e-17
8.39972131181e-17
9.91474744309e-17
8.48054154715e-17
1.26162662232e-16
4.32354289309e-17
8.5379416528e-17
1.51287481609e-16
1.00714406336e-16
1.08297093217e-16
6.72238867678e-17
1.41548592171e-16
8.20991372922e-17
6.37325529634e-17
5.36729429015e-17
3.15663008638e-17
5.86484908446e-17
-1.77023104941e-17
-1.18855329336e-16
-2.48791884472e-16
-2.31262149915e-16
-2.1729421816e-16
-1.5717065536e-16
-1.85342514691e-16
-1.01508458996e-16
-2.22156853407e-16
-2.46442092572e-16
-3.43965483513e-16
-2.34778111455e-16
-4.28011071428e-16
-2.94397527389e-16
-2.86911466372e-16
-1.36944830243e-16
-5.36548269382e-16
3.42417108162e-16
-4.90870622477e-16
-2.62309051911e-16
-9.05325432096e-16
2.67293191111e-16
-2.83292498948e-17
-6.62971048149e-19
-1.03815999409e-18
-9.39923393126e-18
-8.64979458469e-18
-1.57869102634e-17
-1.39857859378e-17
-2.11274478767e-17
-2.02857733551e-17
-2.43341577296e-17
-2.71161240397e-17
-3.40506725801e-17
-3.799805493e-17
-3.04856350269e-17
-2.85766368395e-17
6.31291152171e-17
-2.52737799797e-16
-1.92348387425e-16
-2.92013312677e-16
4.79123947597e-17
-2.25383010875e-16
2.63315237926e-16
1.93908928369e-16
1.07111542807e-16
9.92311553715e-17
9.7874817642e-17
9.49382579818e-17
1.1852575574e-16
1.33852643313e-16
1.45532212201e-16
9.35742009258e-17
1.38041778542e-16
6.81083114232e-17
1.39396691103e-16
1.1517900175e-16
1.05844389718e-16
5.64674090843e-17
1.09237835908e-16
-1.41961572157e-16
-8.27334244611e-17
-3.04702386825e-16
-2.370519515e-16
-2.16216889361e-16
-6.27977158018e-17
-1.44336306477e-16
3.30541706015e-17
-1.30918075474e-16
-2.36256614494e-16
-3.02554298447e-16
-3.40285018875e-16
-4.66144630202e-16
-3.76236020648e-16
-3.53563806261e-16
-2.72879222774e-16
-4.59894323625e-16
-8.92911518408e-17
-4.05458497452e-16
-3.96690496206e-16
-7.52653244108e-16
3.89230792192e-16
4.08240238755e-16
4.59574769316e-17
-6.95019804406e-17
-6.17345458657e-17
-6.729096642e-17
-2.28792683621e-16
4.65096999822e-17
-1.68615479199e-16
-6.16724755352e-17
-2.01773131113e-16
-1.57130069128e-16
-3.22439565191e-16
-1.89983271867e-16
-4.71262461968e-16
-4.60252726712e-16
-4.10105886661e-16
-3.90401623178e-16
-4.9471647313e-16
-1.78233537911e-16
-6.93774394602e-16
-6.00286208157e-16
-5.77614652338e-16
-4.32282524087e-16
-3.17767194981e-16
4.94611149028e-16
6.32558878838e-17
3.79185323217e-16
2.84062043272e-16
1.33881459036e-16
1.89285042001e-16
3.67492797163e-17
2.2795702417e-16
-6.059646417e-17
2.68697695879e-16
1.52588763536e-16
1.33878666687e-16
6.98819954793e-17
1.14594756207e-16
-1.95433237013e-17
-4.46132182361e-17
-1.43427380135e-16
-1.80152474307e-16
-1.85061724772e-16
-1.76709615347e-16
-1.75200466703e-16
-8.81800167799e-17
-1.2497453541e-16
-3.22886255051e-16
-3.16041916066e-16
-4.92798069572e-16
-5.78747835276e-16
-4.42590107133e-16
-4.11021641152e-16
-4.05248057928e-16
-3.4779965695e-16
-5.58655375936e-16
-3.93863780954e-16
-6.15550022233e-16
-5.20616044704e-16
2.20018928416e-16
4.64816291081e-16
7.34961928207e-18
-1.8799734711e-17
-1.45754950966e-16
-1.10565391073e-16
-1.68925328867e-16
-1.08214478814e-16
-1.64370468601e-16
-1.00675044081e-16
-1.86802522916e-16
-5.33118148173e-17
-2.78033565852e-16
1.08498843315e-17
-3.59096507854e-17
-7.1076276924e-17
-1.41372755082e-16
-1.54412891858e-16
-2.24995329718e-16
-1.90396697207e-16
-2.6837228488e-16
-2.82498438585e-16
-3.45977886455e-16
-3.90930703513e-16
-2.31315599168e-16
1.68710302085e-16
-2.76238845017e-16
-3.18237183277e-16
1.30195830271e-16
-1.81949560996e-16
3.01198702494e-16
-2.04713691396e-16
4.20590603978e-16
-3.88075227643e-16
-3.8866260213e-17
5.05209934817e-17
1.00665190495e-16
5.62416589874e-17
8.99733565302e-17
-1.95021731276e-18
-4.24993671477e-17
-2.61825944225e-16
-1.74795509157e-16
-1.29449255185e-16
-3.60675044314e-16
-2.19017896573e-16
-1.74105332603e-16
-1.65950190907e-16
-2.41516873468e-16
-3.10320592386e-16
-8.87829038371e-16
-8.21952083484e-16
-3.02180845114e-16
-4.29220652503e-16
-5.56181381649e-16
-1.81909093688e-16
-4.63128676845e-16
-3.82768891211e-16
-9.50601638782e-16
-1.38058623793e-16
1.62957793598e-16
5.71910032658e-16
-1.05472527923e-16
-8.53997713528e-17
-1.03829775974e-16
-8.54350223678e-17
-1.21432644642e-16
-7.46767621223e-17
-1.64926502137e-16
-5.09888413365e-17
8.69943222747e-17
-1.90372695228e-16
-1.26123074526e-16
-2.70872468514e-16
-4.00443266901e-16
-1.59732529129e-16
-4.88662597432e-16
-4.16205281335e-16
-4.63011653873e-16
-7.23058488391e-17
-4.60452201682e-16
-4.33408766991e-16
-4.34812382848e-16
-4.15426272557e-16
-4.22494934802e-16
-4.82415364588e-16
-1.4020850726e-16
-3.64145843896e-16
5.25482724309e-16
-1.16520006003e-15
9.4079131769e-16
-1.14004944922e-15
1.89985721603e-16
-7.77231879555e-16
2.33421575993e-16
1.03791913942e-16
8.03710010688e-17
4.23270747305e-18
4.40120792698e-18
-9.13408173562e-17
-1.58478136682e-16
1.98495659049e-16
4.65801175311e-17
2.02532652938e-16
-2.90595671217e-16
-1.09063640322e-16
-2.41237353746e-16
-2.33293014924e-16
-2.27037378064e-16
-3.37453420577e-16
-1.08436302865e-15
-1.08217151786e-15
-7.974977005e-16
-6.08236149887e-16
-8.08633916191e-16
3.83692848754e-16
-4.29542740687e-16
-4.68141783039e-16
-7.66361243148e-16
-8.84422035804e-18
1.89444548904e-16
7.90424116977e-16
-3.83458894997e-18
-2.71592800902e-17
2.27665878619e-18
-6.41196850229e-17
3.15565218719e-17
-1.45679988696e-16
-1.67463909089e-16
-1.61234462055e-16
-1.66172175436e-16
-1.45552721698e-16
-1.92160682994e-16
-1.58453867138e-16
-2.47756075203e-16
-2.19200350452e-16
-3.11413752248e-16
-2.96803474898e-16
-3.90107605767e-16
-3.21451047187e-16
-4.06930338019e-16
-4.22930038437e-16
-4.38836580112e-16
-3.73867352651e-16
-7.34030747779e-16
-4.35877422749e-16
-1.04478810498e-15
-1.017300341e-15
-7.41617132243e-16
-8.97031699873e-16
-5.70724878406e-16
-9.12181922341e-16
-4.78088741756e-16
-8.0295443962e-16
-1.66948377764e-15
-1.33247025695e-15
-1.08172545613e-15
-8.18077857693e-16
-5.1315083138e-16
-5.69295884366e-16
-4.02668758275e-16
-2.98453558306e-16
-1.93376640348e-16
-2.08344690045e-17
-2.05173489691e-16
2.26842460643e-16
-6.0500619054e-16
-3.70850183348e-16
-2.38339544422e-16
-4.15169128178e-16
-5.13888001527e-16
3.19411328282e-16
1.50391468354e-16
-6.63956479348e-16
-4.61042674088e-16
3.62825760081e-16
3.53051231585e-16
1.21118312124e-15
-2.47182677786e-17
3.04056073212e-17
-6.87974342826e-17
-3.12549975764e-17
-1.06489043732e-16
-2.20827466742e-16
-2.94115555235e-16
-1.86172227504e-16
-3.58412450148e-16
-9.55778204194e-17
-4.92287060611e-16
-1.71827232916e-16
-6.42395537502e-16
-5.78084451732e-16
-6.13978265448e-16
-5.68037105046e-16
-6.26457231199e-16
-4.00798208364e-16
-8.71423274666e-16
-5.4362259891e-16
-5.56737913327e-16
-5.23935894517e-16
-5.77793621172e-16
-5.92757375467e-16
-6.40071145315e-16
-7.44841220833e-16
-7.46838475636e-16
-8.35733574574e-16
-8.28079087216e-16
-8.16260432228e-16
-2.88465824954e-16
-6.93481248916e-16
-4.98534463976e-17
-1.74721181652e-16
-2.75402726283e-16
-4.46509392965e-16
-4.09501440993e-16
-7.96053926137e-16
-8.29906143311e-17
2.28959474914e-16
1.72191955768e-16
1.45475218934e-16
1.22990972608e-16
2.69239498039e-16
1.24313761768e-16
-1.69913859141e-16
-9.92523937209e-17
-7.92239915908e-16
6.83304299848e-17
5.17128914402e-16
8.64964552052e-16
-2.19756926574e-16
9.44938119425e-17
1.19913542505e-15
5.59615252859e-16
5.3487058168e-16
-2.73291345694e-17
-1.42124151661e-16
-1.43091009904e-16
-1.44727477854e-16
-1.43924987829e-16
-1.52149761707e-16
-1.69094205192e-16
-1.96932515998e-16
-6.43562872469e-17
-1.91329348993e-16
-2.43059250425e-16
-2.08142464398e-16
-2.83400267816e-16
-2.58814698069e-16
-3.8451761873e-16
-5.90817187372e-16
-3.1871600253e-16
-7.32303469709e-16
-4.98031600768e-16
-5.72034135107e-16
-4.68836974151e-16
-6.18378594215e-16
-4.27479379835e-16
-7.57668479999e-16
-3.56496617977e-16
-9.85986940848e-16
-9.10595869303e-16
-8.80589559183e-16
-1.1875705252e-15
-4.67699015449e-16
-5.74072642558e-16
-8.65075067799e-17
-1.3852342779e-15
-4.23938512714e-16
-4.201590841e-16
-5.11154728133e-16
-4.78613480773e-16
-6.0712530447e-16
-9.69545564669e-16
2.57693138748e-16
2.99723730116e-16
2.9969868661e-16
1.68240667918e-15
3.76286777217e-16
1.62257584139e-15
1.04794101101e-15
9.53943928237e-16
-2.90953516542e-16
5.2716365306e-16
1.13387478408e-15
1.96805993241e-15
3.45142166394e-16
-8.18969844366e-16
6.44152554981e-16
6.8828143517e-16
-4.71758455899e-16
-8.42396655239e-17
-3.295334968e-17
-1.24039503758e-16
-1.62098402344e-16
-1.08656566074e-16
-2.00686023995e-16
-6.56456068292e-17
-2.90780601163e-16
-1.96900558082e-16
-3.25535191107e-16
-1.36747931586e-16
-4.14009044468e-16
-2.65219722739e-16
-4.80049234852e-16
-1.71671880113e-16
-3.76906768973e-16
-1.29882112313e-16
-2.41796485824e-16
-1.95859167673e-16
-3.17450328683e-16
-2.14015136898e-16
-4.00879248533e-16
-2.29386358219e-16
-5.16423744497e-16
-2.33974340909e-16
-6.36702287237e-16
-2.53614282178e-16
-9.89942227062e-16
-6.5164634703e-17
-6.84439752595e-16
-7.9874696235e-16
-4.40971528629e-16
-1.03581638676e-15
-1.61665104817e-15
-1.27677933458e-15
-1.4407471497e-15
-7.39115010064e-16
-2.77912523465e-15
-1.00447758816e-15
2.7090795155e-16
-1.49447242314e-15
1.33645503477e-15
-1.42934676232e-16
8.82551984622e-16
1.91189006342e-15
6.94591802001e-16
7.97489618813e-16
-2.30616423473e-15
1.6956612019e-16
6.50002310321e-16
-2.29335236763e-15
-7.47416313572e-18
2.86408534643e-19
-1.59127813257e-17
1.773354584e-18
-3.75693530901e-17
1.34078400372e-17
-7.17091542012e-17
-1.29080442802e-16
-8.40432179334e-17
-1.70491650534e-16
-6.91013753219e-17
-2.30963661057e-16
-4.146379017e-17
-1.21671668553e-16
-9.62999360395e-17
-1.60603311594e-16
-1.25228719534e-16
-2.10638041644e-16
-1.43298867641e-16
-2.59900404178e-16
-1.62314364863e-16
-3.09206703117e-16
-1.92103948337e-16
-3.56723291328e-16
-2.09656809715e-16
-4.00825357012e-16
-2.58410299139e-16
-4.59730681659e-16
-3.79802386926e-16
-4.49429886234e-16
-4.20149261258e-16
-5.14560280063e-16
-4.92071750825e-16
-6.34568766447e-16
-5.94170384106e-16
-8.14051733063e-16
-7.14394740756e-16
-8.90750361726e-16
-1.0114111185e-15
9.57788359178e-16
-3.37051296476e-15
4.82683907609e-17
3.79078761591e-17
6.35245947633e-16
3.0426257732e-15
-1.1096645853e-15
1.02866511177e-15
-1.53610230728e-15
2.67267768965e-16
2.85317178493e-17
-2.98746028762e-15
1.92279123881e-17
-3.26769237317e-17
5.37816800292e-17
6.14958234189e-17
3.88991730908e-17
6.41395815615e-17
2.33009837488e-17
-7.45240596346e-17
-1.0904027832e-16
-5.13966409479e-17
-1.49748456411e-16
-3.65913644602e-16
-2.32611452767e-16
-3.89204886402e-16
-1.76286092208e-16
-4.84589816665e-16
-3.64423726222e-16
-5.40907261732e-16
-2.97406192787e-16
-6.21728706747e-16
-1.9199418195e-16
-7.58521860642e-16
-9.35815305124e-18
-4.46882360186e-16
8.99758035513e-17
-6.25490518317e-16
-3.20551760928e-16
-7.26281835514e-16
-2.19364189725e-16
-2.31363156138e-16
3.97198884629e-16
-5.67994578425e-16
5.7785843981e-16
4.76682398901e-16
3.07547043018e-16
1.77772411974e-16
2.09575037179e-17
-5.35021658293e-18
-4.23308799131e-16
-5.24366835816e-16
-4.05251194706e-15
-4.71267056247e-16
8.90822007948e-18
-6.24589045872e-16
4.39382988615e-15
-2.6321954928e-15
1.22261321368e-15
-6.37839723197e-16
-2.71729292953e-15
-1.82476130319e-15
-5.04748717005e-15
6.08769991418e-18
-9.92876401265e-18
1.14977592547e-17
-1.93243426122e-17
2.91573102611e-17
-4.33840615646e-17
6.88252691698e-17
-9.52120459124e-17
1.31995616047e-16
-5.25127494038e-17
2.1027439338e-16
1.40055583081e-16
1.83307623071e-16
7.19090335285e-17
1.68193077061e-16
1.16230308528e-17
1.74638367861e-16
-1.11836692362e-16
-2.14791506094e-16
-5.18886935983e-16
-1.39999641193e-16
-6.08630306424e-16
1.90092804748e-17
-2.96994480028e-16
1.00435192003e-16
-3.98241632396e-16
-3.42096030624e-16
-4.23996668736e-16
-3.5479010001e-16
-4.41991825916e-16
-2.95007371512e-16
-4.00509107106e-16
-2.79012443726e-16
-2.34304679179e-16
-1.25758832286e-16
-9.38606299391e-17
-4.36460075387e-17
-1.70811415252e-16
-9.35750324214e-17
-5.0469123657e-16
-2.9130835443e-15
-2.74137952907e-15
-1.06353852891e-15
-5.1099284543e-15
1.54527376939e-15
-4.14505554035e-15
-1.59288988869e-15
-8.95356308712e-16
-2.39056816564e-15
-6.5636379474e-16
-5.26409934595e-15
-3.31368784409e-17
-4.71692997445e-17
-3.00334732882e-17
-5.45717801694e-17
-1.79947408279e-17
-7.23564508356e-17
6.03189560167e-18
-1.03171567375e-16
4.97381586477e-17
-1.54021378301e-16
-1.43261909365e-16
-1.48565381985e-16
-1.31158097324e-16
-1.35978318084e-16
-1.17408655455e-16
-1.18487402009e-16
-1.1250850881e-16
-1.07066674744e-16
2.7036830601e-16
1.21570369643e-16
2.38808996865e-16
4.84334332915e-16
9.17184501865e-17
1.36678408218e-16
2.81525695301e-17
1.83277340321e-16
-6.7010572655e-17
2.17009195895e-16
-1.9522895937e-16
2.86821496884e-16
-3.96864679809e-16
4.50921180997e-16
4.95387643752e-16
3.55756377547e-16
4.65001061391e-16
1.79062552224e-16
5.74669284315e-16
1.69413519609e-15
7.93548576226e-16
1.71303803512e-16
-1.79323824542e-15
-1.89280868909e-15
-1.03061154258e-15
-9.68384489234e-16
8.69202469432e-16
3.75801699777e-16
2.10274658145e-16
-1.08464566987e-15
-9.44993047629e-17
-2.52596811628e-15
-2.22273692579e-15
-1.33413507354e-15
-2.12637327627e-15
-8.00401353081e-16
-4.23004303694e-15
3.18405214778e-18
1.43795427933e-18
4.40858372012e-18
1.95565530752e-18
6.50836084487e-18
1.48187309883e-18
8.73846931457e-18
1.73648390704e-18
1.07361682732e-17
3.10646406058e-18
1.80243740882e-18
-6.42228016419e-18
-5.10176830959e-18
-1.27877705894e-17
-1.25256285942e-17
-1.67828964965e-17
-2.39581302789e-17
-2.87021705757e-17
-2.91461365193e-17
-1.79539848486e-17
-2.23154400274e-17
1.01284906757e-17
3.05398260455e-18
2.02590016764e-17
4.98810581704e-18
3.94064627216e-17
6.06953955333e-18
5.70330546544e-17
1.42465846307e-18
5.86128791285e-17
-6.35159656139e-18
1.34001046636e-17
3.16792613713e-17
4.09947727311e-17
7.27272986465e-17
1.33941222472e-16
6.33545458984e-17
4.19971247205e-16
6.71864526553e-16
3.90398290878e-16
-1.02241883836e-15
-7.72505539242e-16
-9.14756349622e-16
-9.79036178785e-16
-7.25504217104e-16
-8.52832602429e-16
-8.16506444218e-16
-7.85555859054e-16
-9.31924445458e-16
-3.05584961462e-16
-1.09628687672e-15
-1.15194309845e-15
-1.52169486729e-15
-1.37967214734e-15
-2.04167450949e-15
1.02930464264e-16
8.31122621999e-17
1.26546504113e-16
1.459225001e-16
1.12511704855e-16
1.62505743555e-16
9.26854982211e-17
1.98278336202e-16
5.31764678628e-17
2.10256326855e-17
5.70220914434e-17
3.56136751266e-18
8.37968612521e-17
-1.98965099797e-17
1.09143785605e-16
-4.90690879818e-17
-1.58909817282e-16
-3.69034505315e-17
-1.88909207744e-16
-4.28801955268e-18
1.06588736782e-16
-3.80498443576e-17
1.362084794e-16
-9.73554510462e-17
1.68206579863e-16
-1.49081974478e-16
2.31301901297e-16
-2.24338000631e-16
2.90311562256e-16
-3.51284935219e-16
-5.17979716995e-16
-3.14826005688e-16
-5.71623701893e-16
-2.57275313468e-16
4.24713154766e-16
6.09480821905e-16
9.05211631844e-17
1.11379211059e-15
4.61351647672e-16
1.92078038467e-16
3.41956942859e-16
3.59524100719e-16
3.74984644329e-16
3.69934868177e-16
3.31578696955e-16
3.31562073242e-16
2.78125925802e-16
-2.73956276023e-16
-9.20377722369e-16
-9.09446086989e-16
-1.58951542114e-15
-1.38975203826e-15
-2.96876551513e-16
-4.07227963647e-16
6.25536064739e-16
-1.82491765989e-15
-1.34797158345e-15
-1.49261501566e-15
-1.18131170756e-15
-1.34757414892e-15
5.52861347475e-17
-6.27965938164e-17
-4.86157361497e-17
-6.01099224075e-17
-3.65110650267e-17
-5.84620515004e-17
-1.93772902352e-17
-5.84734395754e-17
3.21550193199e-18
-8.19965286052e-17
-1.89636380498e-16
-4.89715933849e-17
3.51928097267e-18
-6.73628367314e-17
2.10052181475e-17
-9.64160136518e-17
-2.28806143068e-16
-6.29826135524e-17
-2.61901607133e-16
-4.50858207854e-17
-3.19312086766e-16
-1.36588201199e-17
-3.87761999624e-16
-5.99153423075e-16
-3.70329303111e-16
-6.63960359719e-16
-3.42244284234e-16
-7.23787270696e-16
-3.03795062238e-16
-8.24989481416e-16
-2.0953009279e-16
-1.01914864535e-15
-1.00139229235e-15
-1.04102564167e-15
-9.7785053921e-16
-9.6093041761e-16
-7.72268409965e-16
-8.17185038042e-16
-3.41672482798e-16
-1.96058469002e-17
-2.73488532162e-17
-4.31393136381e-18
9.67248568933e-18
1.9244595794e-17
3.68038670839e-17
1.16151049219e-16
1.56173695577e-16
1.31199931119e-16
8.39882127857e-17
3.51959639837e-17
3.68808725456e-18
-6.92957036046e-17
-1.84018059108e-17
4.34090985361e-16
-5.07992249755e-16
-9.33621352783e-16
-2.29636750817e-16
-7.81105821673e-16
-1.58415484381e-16
-7.0747633905e-16
-7.98972942778e-18
-2.21529330908e-17
-9.86839436733e-18
-1.52258913196e-16
-4.96322853313e-16
-2.50836144912e-16
2.73563459619e-18
-8.03377243991e-17
-6.94640206221e-17
9.93932055863e-18
-1.072862928e-17
-1.52374562868e-17
3.73981016033e-18
-3.68772895822e-18
4.29404974234e-19
-1.3954674732e-17
2.45865252593e-18
-1.38453323182e-18
-5.3003848186e-17
4.51953974296e-17
-1.84429040257e-17
-5.75525504631e-18
2.27098417179e-17
-1.03748531354e-17
2.29199414023e-16
-1.96443999685e-16
-1.0484841204e-16
2.92289841571e-17
7.22895209397e-18
-8.32874101254e-18
3.52690552412e-17
-1.81749353832e-17
1.00241652272e-17
9.56054171699e-17
-6.6219625622e-17
-9.04577561177e-17
1.18728852739e-16
-1.22906201584e-16
-5.04939836536e-17
1.41849543651e-17
-3.6239173453e-18
7.85875134375e-19
-6.39186834234e-18
2.21987845145e-17
-1.07171798741e-17
-1.13551361001e-17
7.00206522124e-18
-3.42346557407e-18
-2.45042612829e-18
-3.77762160196e-17
2.26861464645e-17
-1.66650572343e-18
1.7033132551e-18
1.13578822002e-18
7.5392566695e-18
1.27614884497e-16
3.47430343947e-17
3.88746732773e-19
-6.84777088046e-19
2.09350602011e-18
-3.71687346242e-18
-8.68610187804e-18
-9.78915795304e-18
-1.31239903481e-17
-1.03138509853e-17
-1.32900054165e-17
-9.77266974551e-18
-1.15458788096e-17
-1.11138272955e-17
-8.45077187334e-18
-1.52192798799e-17
-1.35416717545e-17
-1.55712917374e-17
-1.05717693147e-17
-1.80029878192e-17
-6.04652976576e-18
-2.36449297952e-17
-5.28642680416e-18
-3.06997240562e-17
-3.713926114e-18
-3.81511213477e-17
-9.97681456886e-17
-1.4993437292e-17
-2.69285525304e-17
-2.77701299254e-17
-3.36204742899e-17
-4.25037637061e-17
-3.0232573134e-17
-8.35225349692e-17
7.3614633897e-18
-1.59510187621e-16
7.26166795982e-17
4.45388025881e-17
3.17495276119e-17
-4.33866119987e-18
-1.61988954289e-17
-5.21573564497e-17
-7.18036029752e-17
-8.89669366482e-17
1.67654447766e-17
1.342160056e-17
1.45399359889e-17
1.55093535208e-17
-1.80090400494e-17
1.56764674829e-16
1.47051033709e-16
1.43630782154e-16
3.77371058137e-17
2.8057734138e-16
1.31814139904e-16
4.53824147644e-16
2.85257710987e-16
6.09003704272e-16
1.01615092309e-16
7.56220275334e-16
3.93163108815e-16
6.22423680816e-16
8.73170804245e-17
6.12821317191e-16
-5.90420674502e-16
-5.12094690391e-18
-8.03625689126e-18
-9.16767189006e-18
-1.09673711118e-17
-9.36280322718e-18
-1.12975905175e-17
-1.01747642417e-17
-9.98072993172e-18
-1.15723705761e-17
-8.52716990154e-18
-1.16733445409e-17
-9.59609725782e-18
-1.43757857009e-17
-8.80174180175e-18
-1.63019970151e-17
-7.51166351323e-18
-1.70441023967e-17
-8.05275241026e-18
-2.18216822367e-17
-1.62125251059e-18
-2.98511388346e-17
-1.11767031131e-16
-4.47175280886e-18
-8.52424511973e-18
-1.21773411779e-17
-1.24102352413e-17
-1.77850510736e-17
-2.02046550082e-17
-3.72273565681e-17
1.38271834259e-17
-1.62566312566e-16
1.37879525032e-16
1.09442621501e-16
9.73794996823e-17
5.85084276541e-17
5.4444704712e-17
1.04184363768e-17
1.06430297707e-17
-4.51323683955e-17
4.86336197953e-17
3.19885944738e-17
2.82998716827e-17
2.59781749634e-17
-3.37325162142e-17
1.86751685799e-16
1.71336172219e-16
1.62147323713e-16
2.02350213483e-17
3.21888899515e-16
1.50909887873e-16
5.26991842961e-16
3.61857663118e-16
6.36452606032e-16
1.19581241195e-16
8.57121037702e-16
4.78322265289e-16
7.29803185898e-16
1.40490033621e-16
7.31533623585e-16
-6.54834357363e-16
)
;
    }
    back
    {
        type            wedge;
        value           nonuniform List<scalar> 
1571
(
-1.94079588677e-18
7.98434129748e-18
2.53010474529e-17
1.74449568456e-17
5.37507773012e-18
1.29520118643e-17
-1.82405609922e-17
-6.41990345823e-18
-3.44662680019e-18
-1.09281310526e-17
7.37660460328e-18
-1.74513903116e-17
-3.86740887354e-18
2.5219282108e-19
-4.3141217446e-19
-8.23213149372e-19
-1.42136567496e-18
1.37185864622e-18
-1.03602224875e-17
-3.85131601166e-18
8.14943440624e-18
-5.36529945809e-18
7.72742098116e-19
9.93994958786e-19
6.25832797405e-18
-2.44264686121e-18
5.18057963201e-18
-1.20323302989e-18
-5.35954361366e-18
-1.06945694068e-17
3.9159658869e-18
2.45170766072e-17
1.14819312552e-17
3.54562840248e-17
7.21452059264e-18
3.5225299923e-18
1.15716425323e-18
-1.95023358299e-17
-3.31783774383e-18
-7.82602725233e-18
6.23325423109e-18
5.47746463389e-18
3.94671520417e-17
1.17107300909e-17
3.78167463179e-18
8.45340036461e-18
1.16321858156e-17
8.17253258209e-18
-3.71934236859e-17
-1.53749387505e-17
-3.84761184151e-18
1.91465468984e-18
-2.88422744288e-18
1.28566011516e-17
-6.75921180613e-18
2.46273864397e-17
1.6141351611e-17
2.90129830087e-17
-2.93177915621e-17
-2.29814202308e-17
-5.00125536237e-18
8.95695652726e-18
1.27477862419e-17
1.46890510487e-17
6.31671991072e-18
7.77205140813e-18
-2.8256806044e-18
8.39639318936e-19
-1.08214928718e-17
-2.6058676606e-17
1.26762483875e-17
3.72533685445e-18
-8.8574341854e-19
1.84596102659e-18
-1.42465019511e-18
-2.53847327541e-18
-3.75979720521e-18
2.94449550849e-18
-2.68432779939e-17
-8.41154677975e-18
-2.41694055409e-18
-1.75274254042e-17
2.68380361797e-17
3.84252627567e-18
1.8052619152e-17
-7.15704454721e-18
1.0350043924e-17
-3.84426582292e-18
-1.5629845226e-17
-3.02302906262e-17
1.24310484753e-17
2.33410848417e-17
-3.89684767569e-18
5.23368398439e-17
1.91950695981e-17
9.88353182377e-18
3.26959354846e-18
-4.704524525e-17
-8.87670284308e-18
2.0408849535e-17
1.80622375319e-17
1.55039630669e-17
1.06894785732e-16
3.2730933632e-17
1.49421065023e-17
2.42271118742e-17
3.314392772e-17
2.3238088228e-17
-9.70590481834e-17
-2.90469716489e-17
-1.07776513735e-17
5.47407285421e-18
-8.14274320525e-18
3.68795085728e-17
-4.14116509015e-17
6.97531179116e-17
8.88648881354e-17
3.50490943888e-17
-6.59658303009e-17
-9.58902297579e-17
-2.28912093934e-18
3.96868972828e-18
-2.28156686734e-19
-5.85829154709e-18
-1.19658801103e-17
-1.1282158668e-17
-3.96453855689e-18
-5.65065572946e-18
-1.60815728564e-17
-1.77738012467e-17
-1.38010448251e-17
1.67777943212e-17
-4.42743518188e-19
3.33649403471e-18
-4.25558783853e-18
-5.32737911745e-18
-4.81464516548e-18
-1.57499414068e-18
-1.24546411057e-17
-6.76738746528e-18
-1.43218938299e-17
-2.55988981459e-17
3.30892990797e-17
3.82976304022e-18
2.86208263724e-17
-1.30790008113e-17
-7.34328644138e-18
-9.23563082409e-18
-2.83108011238e-17
-4.87661437846e-17
1.99517561305e-17
1.1090572067e-17
2.5263739886e-17
6.04217981928e-17
2.92005173668e-17
1.55769926247e-17
5.28792319784e-18
-3.50559270362e-17
-1.06738704416e-17
5.37033636444e-17
2.97952503684e-17
2.51305183732e-17
1.22037082492e-16
5.04600103461e-17
6.80733742418e-17
4.10061605371e-17
5.52316497922e-17
3.83924838385e-17
-9.35848102257e-17
1.20502519422e-17
-1.66499700008e-17
9.21643022993e-18
-1.30915425623e-17
6.09553231736e-17
-1.08432107416e-16
1.17736417398e-16
1.07289043201e-16
2.84599430659e-17
-6.78339562599e-17
-1.33309622486e-16
6.94231214014e-20
-6.4331174216e-19
4.49157732352e-19
-2.02756078005e-20
-1.66387016945e-18
1.43554187314e-18
2.9121361001e-19
-1.86077537769e-18
1.13143199038e-18
5.73168094943e-19
9.82726961934e-19
-9.03399695339e-19
6.67194119305e-19
-2.19250945121e-20
-3.76745969374e-18
1.36070292174e-18
-3.53935755226e-18
-4.87773860274e-18
-8.61776587689e-18
-6.44532506691e-18
2.0608885965e-18
-9.89583580989e-18
2.78699869046e-18
-8.86864322977e-18
-7.35668376838e-18
-4.59386241188e-18
-6.11908832558e-18
-3.59400864433e-18
-5.97999972862e-18
-9.06462712877e-18
-2.27463830788e-17
2.33235055363e-17
1.83063383893e-18
1.66108081609e-17
-2.08486276788e-17
-2.01020766524e-17
-1.35300553834e-17
-3.83065016202e-17
-5.52992877945e-17
-2.18103350101e-18
2.80608207341e-18
1.77871964636e-17
6.29955138401e-17
3.16027392897e-17
1.72091743656e-17
5.9129104584e-18
-2.3153085947e-17
-8.98455890554e-18
4.89591558613e-17
3.38127812504e-17
2.9033757273e-17
9.84580826031e-17
5.54577270102e-17
1.00354467251e-16
4.86391090923e-17
6.64982104435e-17
4.55260524395e-17
-4.53443583491e-17
4.87290746586e-17
-1.93716482811e-17
1.1272932051e-17
-1.48674117305e-17
7.1817168596e-17
-1.44259837796e-16
1.44497815115e-16
1.04973041518e-16
5.53955319778e-17
-7.87161899346e-17
-1.0284457967e-16
2.02929362438e-17
-4.27622134364e-17
7.13849274161e-18
3.24388512045e-17
2.38624625466e-17
2.06025415805e-17
2.16757193135e-17
-2.2043743768e-17
9.33911140103e-18
-1.19089121576e-17
2.30782951715e-17
-3.17943754924e-17
-6.66496476484e-17
1.16849144499e-17
-5.45174161612e-17
-2.8125228732e-17
-1.45436254558e-17
-3.64388377377e-17
1.13880073745e-17
-2.08474876515e-17
-1.38455539623e-17
-4.93990593743e-17
5.61332489123e-17
-6.95611417181e-18
1.05933395168e-17
-1.08643586223e-16
-1.0383840199e-16
-6.25623493242e-17
-1.71912449767e-16
-1.94198015099e-16
-7.15936918407e-17
-1.2346992145e-17
2.95114116287e-17
2.03699631119e-16
9.93311568866e-17
5.56982728324e-17
1.92022350905e-17
-5.11288825726e-17
-1.69269951957e-17
1.4054713075e-16
1.17867879331e-16
1.03653713287e-16
2.57416063323e-16
1.87218763091e-16
4.28123079795e-16
1.75458459239e-16
2.5557443259e-16
1.69319881427e-16
-8.68122236409e-18
2.69530066383e-16
-7.44767003611e-17
4.46832056728e-17
-5.06680855341e-17
2.62634959447e-16
-5.80144225624e-16
5.5781569979e-16
3.21904338915e-16
3.01057679043e-16
-3.3078817289e-16
-2.18104032133e-16
2.36764834581e-16
8.97960781566e-17
3.36650936844e-17
1.10754680625e-16
1.44633780289e-17
4.15253243278e-17
-6.24483436487e-17
-8.67307601136e-17
6.28571025052e-17
2.08954944446e-17
2.46726677905e-17
-7.13234433051e-17
-4.17945001683e-17
-1.23796304179e-16
-1.83066634808e-17
-1.16179686634e-16
-2.91748339482e-17
-5.69837745556e-17
-9.53372947436e-17
-6.88455214712e-17
-3.16144851739e-17
-5.29080842702e-18
-9.14681017639e-19
-6.63118868716e-17
5.55195795052e-17
-1.31942753353e-17
-1.60308664986e-16
-1.30023338524e-16
-8.82330648027e-17
-2.62843058003e-16
-8.50390015908e-17
-6.26565368362e-18
8.87112567957e-17
1.33694393173e-16
8.66224324189e-17
5.78401632643e-17
1.86348155401e-17
-8.60307205725e-17
9.04315146803e-18
2.21976911269e-16
1.65960393971e-16
1.46108446316e-16
1.73017153445e-16
2.55720797755e-16
3.37789777218e-16
2.17960478865e-16
4.27182333905e-16
2.54290420632e-16
3.53712018795e-17
1.8066309871e-16
-1.38076429067e-16
8.04987739516e-17
-5.88027603695e-17
3.74072315252e-16
-5.78022186187e-16
6.53430970936e-16
6.79816934987e-17
5.15821936465e-16
-5.94666202969e-16
1.05528630239e-16
1.00721962988e-16
9.65193952718e-17
8.32185916705e-17
1.51734252372e-17
1.38520903558e-16
-5.44388063e-17
-5.61726334735e-17
2.61022138275e-17
6.1288220987e-17
-3.35744039836e-17
-1.29650601921e-16
-2.50497057228e-16
-8.78399408346e-17
-2.80310035194e-16
-1.20398136827e-16
-1.27109298669e-16
-1.29882831217e-16
-1.83857817068e-16
-1.08180118422e-16
-9.04036593427e-17
-9.0663872551e-17
-3.09623580675e-17
-1.14875550994e-16
-1.05975200898e-16
-4.85473463919e-17
-7.32094961211e-17
-1.13643233887e-16
-1.58799375237e-16
-7.12400556415e-17
-1.56355298018e-16
-1.53600888645e-16
-1.33565858046e-16
-2.27341217077e-18
5.61285451658e-17
4.80340355518e-17
4.04875058981e-17
8.03204948921e-18
3.04993753053e-17
9.93246353819e-17
2.12881522433e-16
1.94315501226e-16
1.7945552328e-16
1.4177025438e-16
3.7050341596e-16
2.93864632488e-16
2.71770297376e-16
3.35107288011e-16
3.27933313254e-16
-1.01262900485e-17
3.88425126688e-16
3.59128117541e-17
1.49454110321e-16
-4.04299273063e-17
4.76649892175e-16
-6.35020147371e-16
5.92368236759e-16
1.22095640775e-16
7.58226361652e-16
-3.97904308161e-16
4.75276941267e-16
2.9839771877e-17
2.83872299489e-17
8.8841785763e-17
3.67300570279e-17
7.49883361432e-17
7.13547471993e-17
3.5754611203e-17
2.74702127173e-17
4.71372577773e-17
6.13067097358e-18
1.01555574756e-16
-1.74559231849e-16
-1.51663005389e-16
-2.96010047944e-16
-2.18359839595e-16
-1.5938620923e-16
-1.24035154411e-16
-1.36636777108e-16
-1.32191860534e-16
-9.62148683674e-17
-1.10381674671e-16
-6.57004662165e-17
-9.76759698013e-17
-9.2028005818e-17
-1.23110237529e-16
3.4994479232e-17
-1.27086305754e-16
-1.81575233002e-16
-3.89322344676e-17
-9.79273119425e-17
-1.69221053732e-17
-2.15796999583e-16
-3.77749259905e-18
8.7520063753e-19
-3.9949919877e-19
8.4725089274e-18
-1.7506341668e-17
-1.1108126391e-17
2.28058712766e-16
2.4627808796e-16
2.18570958625e-16
2.04300066572e-16
1.67663459181e-16
2.44294734753e-16
1.91074917942e-16
3.55099236068e-16
2.87921913493e-16
4.22821254546e-16
6.99052242129e-17
4.67104970344e-16
1.87252415931e-16
2.2532525429e-16
2.07357872971e-17
5.50624747786e-16
-7.70398617726e-16
7.07355707423e-16
1.83291767543e-16
1.04604909627e-15
-2.8024432158e-16
4.49452757718e-16
1.049559646e-17
9.01644145944e-19
2.82810216404e-17
2.57215955684e-17
3.49825413423e-17
3.71294707959e-17
4.56700336463e-17
3.95924912739e-17
4.52755119768e-17
4.05702439934e-17
5.49519736664e-17
2.25639655864e-17
2.64588658229e-17
-5.34984869848e-17
-1.2418225095e-16
-1.18043227546e-16
-1.11425529008e-16
-8.01310452756e-17
-1.04148053944e-16
-5.19055068196e-17
-9.42947999658e-17
-8.41935473571e-17
-9.93075147359e-17
-8.48938856268e-17
-1.26168494191e-16
-4.32251706467e-17
-8.53246977882e-17
-1.51255541998e-16
-1.00682194055e-16
-1.0826063066e-16
-6.71772541205e-17
-1.41484993554e-16
-8.20291376082e-17
-6.36669270056e-17
-5.36157081264e-17
-3.1529310461e-17
-5.87228225225e-17
1.75444032943e-17
1.1826954093e-16
2.46541586118e-16
2.30690716591e-16
2.16820488077e-16
1.56998836163e-16
1.8512330395e-16
1.01538002685e-16
2.22368060875e-16
2.4710569163e-16
3.4293381299e-16
2.34092737474e-16
4.27653017317e-16
2.94128970575e-16
2.86591996616e-16
1.36987272167e-16
5.3682028055e-16
-3.42129942799e-16
4.91233283759e-16
2.62648407374e-16
9.0582762201e-16
-2.67179066309e-16
2.89276732275e-17
-1.80877626402e-18
-2.61457551936e-18
5.16622325426e-18
4.82620235205e-18
1.23148011281e-17
1.11362777481e-17
1.85799122044e-17
1.78834308289e-17
2.23238862409e-17
2.54416391893e-17
3.24890820771e-17
3.64010738452e-17
2.8630861212e-17
2.66335990674e-17
-6.49889505509e-17
2.50401866592e-16
1.90073378787e-16
2.89422167435e-16
-4.98510433594e-17
2.2394386413e-16
-2.64566720152e-16
-1.94359079515e-16
-1.07274603284e-16
-9.88062100538e-17
-9.72145845054e-17
-9.42213722616e-17
-1.17967058432e-16
-1.33490212892e-16
-1.45570545705e-16
-9.37615477524e-17
-1.38234631874e-16
-6.82690318797e-17
-1.39523460771e-16
-1.15240483369e-16
-1.05922939316e-16
-5.6508696669e-17
-1.08730443687e-16
1.42784644316e-16
8.57701152618e-17
3.15430538654e-16
2.39791411343e-16
2.185008546e-16
6.37294679582e-17
1.45597540672e-16
-3.31487912697e-17
1.29891852633e-16
2.33208422578e-16
3.0787667674e-16
3.43334387981e-16
4.67583161906e-16
3.77329648721e-16
3.54890584252e-16
2.74140986889e-16
4.58680718591e-16
8.76029770445e-17
4.03316634927e-16
3.94856657353e-16
7.50339635672e-16
-3.8970890426e-16
-4.10826178915e-16
-4.487840161e-17
7.09183000899e-17
6.34177768299e-17
6.90544795054e-17
2.30443339231e-16
-4.50699530959e-17
1.69847711674e-16
6.26975097592e-17
2.02776483889e-16
1.58179173817e-16
3.23565497667e-16
1.91186319945e-16
4.72509218086e-16
4.61397420186e-16
4.1115896861e-16
3.91663928319e-16
4.96107154096e-16
1.79856367002e-16
6.95404898842e-16
6.02065803094e-16
5.79769462498e-16
4.3417938236e-16
3.19566254317e-16
-4.93386805366e-16
-6.2473831827e-17
-3.78831520291e-16
-2.83822462182e-16
-1.34008178467e-16
-1.89582522889e-16
-3.70831168863e-17
-2.2824287753e-16
6.04753955102e-17
-2.68739333903e-16
-1.52592225241e-16
-1.33900642495e-16
-6.99507813357e-17
-1.15079404299e-16
1.88699048617e-17
4.21541415574e-17
1.36278375397e-16
1.77856549222e-16
1.83503684744e-16
1.76144526863e-16
1.74332112921e-16
8.84390336173e-17
1.26014816925e-16
3.25035304142e-16
3.12111812712e-16
4.90893079983e-16
5.77889232073e-16
4.41948855881e-16
4.10345851742e-16
4.06284688259e-16
3.48966567273e-16
5.60257995007e-16
3.95656669241e-16
6.16939188563e-16
5.22074329253e-16
-2.19760856429e-16
-4.63281794472e-16
-7.471225974e-18
1.8648432749e-17
1.45575210136e-16
1.10374818962e-16
1.68736278503e-16
1.080352773e-16
1.64200006823e-16
1.00510465871e-16
1.86643638906e-16
5.31663355018e-17
2.77898352605e-16
-1.0981103252e-17
3.57691905246e-17
7.09155744335e-17
1.41196847476e-16
1.54195268379e-16
2.24749454837e-16
1.90107640574e-16
2.68067406744e-16
2.82199394201e-16
3.45698104036e-16
3.90632560145e-16
2.30990006721e-16
-1.69092286508e-16
2.75891291733e-16
3.17938215493e-16
-1.30463397139e-16
1.81759312953e-16
-3.01334499745e-16
2.04650455637e-16
-4.20618692105e-16
3.88088404045e-16
3.88856811322e-17
-5.04807373731e-17
-1.00642756836e-16
-5.62153715836e-17
-8.98774673403e-17
2.07497098586e-18
4.29936281898e-17
2.63225823805e-16
1.75336093962e-16
1.2968693487e-16
3.60754713351e-16
2.19151844714e-16
1.73984960762e-16
1.65602329995e-16
2.41103238053e-16
3.1101935985e-16
8.87936793309e-16
8.22009745196e-16
3.02246133632e-16
4.29300697237e-16
5.56393454114e-16
1.81671181402e-16
4.62746662771e-16
3.82445228952e-16
9.50367891459e-16
1.37849677127e-16
-1.62985124959e-16
-5.72119236413e-16
1.0522744432e-16
8.51010676373e-17
1.034810546e-16
8.50552327231e-17
1.21041564828e-16
7.42917232047e-17
1.64556172033e-16
5.06368812641e-17
-8.73341660782e-17
1.90035684242e-16
1.25773034033e-16
2.70496470601e-16
4.00045290478e-16
1.5932303373e-16
4.88249819989e-16
4.15761857777e-16
4.62543051433e-16
7.17951521855e-17
4.59902548908e-16
4.32784207153e-16
4.33965102877e-16
4.14437013432e-16
4.21323209486e-16
4.81207013778e-16
1.39224946792e-16
3.63269862249e-16
-5.26440823801e-16
1.16411505439e-15
-9.41841724194e-16
1.13914824253e-15
-1.90716289546e-16
7.76678419611e-16
-2.33838841689e-16
-1.04034278855e-16
-8.03952648239e-17
-4.23557832147e-18
-4.01558628806e-18
9.1820297667e-17
1.60430133825e-16
-1.9125837982e-16
-4.45010781515e-17
-2.01973136504e-16
2.90257451699e-16
1.09196743695e-16
2.40531910435e-16
2.31173933923e-16
2.25447669044e-16
3.41216243786e-16
1.0852426977e-15
1.08249691456e-15
7.97676994182e-16
6.08303902812e-16
8.06878993458e-16
-3.84807294613e-16
4.28302322755e-16
4.67235978141e-16
7.65732728121e-16
8.39538135803e-18
-1.89426877466e-16
-7.90858607474e-16
4.48664088275e-18
2.79476199125e-17
-1.36104592746e-18
6.51338733894e-17
-3.0482360699e-17
1.46777628904e-16
1.68564908428e-16
1.62336556733e-16
1.67280042615e-16
1.46666195717e-16
1.9328265607e-16
1.59591947633e-16
2.48922104779e-16
2.20426899332e-16
3.12735036031e-16
2.9828898975e-16
3.91817424159e-16
3.2341863894e-16
4.0911413943e-16
4.25211410764e-16
4.41163634942e-16
3.7623471442e-16
7.36522493972e-16
4.38849016695e-16
1.04804468327e-15
1.02144185498e-15
7.46254713312e-16
9.01718756744e-16
5.74621726142e-16
9.15827800934e-16
4.81695457345e-16
8.06924798644e-16
1.67329630561e-15
1.33599299767e-15
1.08436394768e-15
8.19584050634e-16
5.13807856792e-16
5.66182756542e-16
3.91307502523e-16
2.51414798009e-16
1.82152719526e-16
1.71336063749e-17
2.07727062825e-16
-2.24964969907e-16
6.08972283248e-16
3.86623434311e-16
2.51042504464e-16
4.17028400425e-16
5.08949038232e-16
-3.15861766783e-16
-1.46905710546e-16
6.66493815823e-16
4.62649034457e-16
-3.62052134061e-16
-3.53551483676e-16
-1.2104256105e-15
2.47848117973e-17
-3.03253605529e-17
6.88906358892e-17
3.13593456284e-17
1.06601851364e-16
2.20945861213e-16
2.94237288806e-16
1.86295859843e-16
3.58537593061e-16
9.57045370585e-17
4.92416331623e-16
1.71960767186e-16
6.4253530763e-16
5.78231375409e-16
6.14134514359e-16
5.68202896265e-16
6.26635174433e-16
4.00987669419e-16
8.71629653566e-16
5.43844786824e-16
5.5700126349e-16
5.24244690714e-16
5.78172786201e-16
5.93160217254e-16
6.40464551835e-16
7.45193625034e-16
7.47189611641e-16
8.3614505505e-16
8.28581199626e-16
8.16887730356e-16
2.89120868563e-16
6.94102715297e-16
5.04578507639e-17
1.7533016981e-16
2.76008142101e-16
4.46908012105e-16
4.09815924142e-16
7.9529331556e-16
8.07083707387e-17
-2.37305373812e-16
-1.71678120182e-16
-1.45107960291e-16
-1.22145924447e-16
-2.6867468221e-16
-1.23532020507e-16
1.72902897869e-16
1.02293430745e-16
7.95883075852e-16
-7.02050003659e-17
-5.16816137188e-16
-8.64588830111e-16
2.19977110325e-16
-9.44009925678e-17
-1.19920428868e-15
-5.59799092848e-16
-5.34956245506e-16
2.77037028369e-17
1.42578403993e-16
1.43622215736e-16
1.4533010508e-16
1.44589135787e-16
1.5286481787e-16
1.6984925182e-16
1.97717360059e-16
6.51692577692e-17
1.92167161798e-16
2.43921919824e-16
2.09031023551e-16
2.84317950512e-16
2.59767289308e-16
3.85517758232e-16
5.91878785985e-16
3.19866466623e-16
7.33555828028e-16
4.99411934134e-16
5.73522361872e-16
4.70452689497e-16
6.20066487436e-16
4.29308260163e-16
7.59655593867e-16
3.58579902397e-16
9.88491834657e-16
9.13666529775e-16
8.83798104295e-16
1.19066542845e-15
4.70543004792e-16
5.76824478452e-16
8.97259082516e-17
1.38907579222e-15
4.28848096347e-16
4.24802089007e-16
5.1491981046e-16
4.80829322677e-16
6.0154293737e-16
9.52024826531e-16
-3.29242220887e-16
-3.12692883532e-16
-3.06592968661e-16
-1.68429348391e-15
-3.75428074067e-16
-1.62226376023e-15
-1.0047759379e-15
-9.16489277704e-16
3.32775597281e-16
-5.33566184729e-16
-1.13477771362e-15
-1.96990561615e-15
-3.46180149289e-16
8.17689019029e-16
-6.46617701001e-16
-6.90935698138e-16
4.69352232352e-16
8.32715232895e-17
3.17768868039e-17
1.22658745144e-16
1.60523981092e-16
1.06906524732e-16
1.98783313079e-16
6.36161252973e-17
2.88648716303e-16
1.94686566476e-16
3.23253804939e-16
1.34405554298e-16
4.11605991804e-16
2.62744316165e-16
4.7748122263e-16
1.68980135082e-16
3.74062848708e-16
1.26838243151e-16
2.38546162062e-16
1.92339248912e-16
3.13648292364e-16
2.09822943683e-16
3.96206303441e-16
2.24022352248e-16
5.104927156e-16
2.27667363186e-16
6.30205156085e-16
2.46948516886e-16
9.8269523302e-16
5.70442542447e-17
6.74776570851e-16
7.87199808119e-16
4.28658479852e-16
1.02277073332e-15
1.60328693853e-15
1.26309054489e-15
1.42760636611e-15
7.28749132683e-16
2.78798805112e-15
1.03966329827e-15
-7.729205569e-17
1.43864748312e-15
-1.48988932689e-15
-8.00647731622e-17
-8.61581969957e-16
-1.90206158467e-15
-6.72921138713e-16
-7.80130025748e-16
2.3212841792e-15
-1.54094593023e-16
-6.35377844139e-16
2.3076952521e-15
7.70075514991e-18
-1.0028894817e-20
1.62390611961e-17
-1.39828659181e-18
3.79907438255e-17
-1.29440163503e-17
7.22103932694e-17
1.29613126024e-16
8.46014452385e-17
1.71069929536e-16
6.96953375309e-17
2.31569951113e-16
4.20814662625e-17
1.22301070975e-16
9.69447203077e-17
1.61266207469e-16
1.25917909582e-16
2.11356508353e-16
1.44057460142e-16
2.60704684911e-16
1.63175062574e-16
3.10123562093e-16
1.93088622605e-16
3.57770699231e-16
2.10774593189e-16
4.02052805561e-16
2.59800857282e-16
4.61256758462e-16
3.81451945797e-16
4.51127286134e-16
4.2189487926e-16
5.16534519845e-16
4.94326129497e-16
6.37380722593e-16
5.97411463518e-16
8.17632525964e-16
7.17599592138e-16
8.92470838313e-16
1.01018040659e-15
-9.69433909556e-16
3.35209473305e-15
-2.03005649267e-17
1.80055274348e-17
-6.3295970433e-16
-3.04687499991e-15
1.1013597058e-15
-1.03532144342e-15
1.53024221346e-15
-2.72228574114e-16
-3.3505495069e-17
2.98372450159e-15
-1.8925733166e-17
3.30511303113e-17
-5.33342434293e-17
-6.09765163126e-17
-3.83120990998e-17
-6.34917307858e-17
-2.26018926037e-17
7.52630898762e-17
1.09807479449e-16
5.21812381092e-17
1.50541348778e-16
3.66709838732e-16
2.33409544043e-16
3.90008744536e-16
1.77101572722e-16
4.85427032777e-16
3.65295094023e-16
5.41820445022e-16
2.98381509205e-16
6.22780328173e-16
1.9314521806e-16
7.59789020032e-16
1.07749136477e-17
4.48453905119e-16
-8.8232966174e-17
6.27397300904e-16
3.22632550195e-16
7.28554854981e-16
2.21906734201e-16
2.34218247046e-16
-3.93812720328e-16
5.71954691371e-16
-5.73162229896e-16
-4.71294480355e-16
-3.01046519565e-16
-1.70389742971e-16
-1.15343939252e-17
1.51419367683e-17
4.35703195112e-16
5.20158395e-16
4.03333713112e-15
5.06941082555e-16
1.30567714785e-16
6.35922346052e-16
-4.40706719399e-15
2.60748756306e-15
-1.24303358492e-15
6.19807086077e-16
2.70343007598e-15
1.81001809754e-15
5.03867494323e-15
-6.67767486331e-18
9.20319819059e-18
-1.23632522828e-17
1.83207431506e-17
-3.02895467061e-17
4.21403061323e-17
-7.01580916138e-17
9.38153546607e-17
-1.33431690146e-16
5.10597916686e-17
-2.11726096484e-16
-1.41492254123e-16
-1.84721902544e-16
-7.32970753728e-17
-1.69558315141e-16
-1.29680764495e-17
-1.7597292284e-16
1.10505244381e-16
2.13446562973e-16
5.17516865514e-16
1.38587596619e-16
6.07164607358e-16
-2.05505121045e-17
2.9537741443e-16
-1.02155618132e-16
3.96403926301e-16
3.40092984082e-16
4.21811403768e-16
3.52359188909e-16
4.39316248541e-16
2.91984309221e-16
3.97082816455e-16
2.74824103507e-16
2.29160756993e-16
1.18828197294e-16
8.48008677553e-17
3.03711047676e-17
1.50454684334e-16
6.21729826261e-17
4.50648574237e-16
2.93968026765e-15
2.7242755826e-15
9.3075582558e-16
5.1095875097e-15
-1.52285142935e-15
4.17670390829e-15
1.61808011214e-15
9.1830724132e-16
2.40725147563e-15
6.74464480486e-16
5.27406391696e-15
3.3548523822e-17
4.77050275026e-17
3.0704530543e-17
5.537725826e-17
1.89170547563e-17
7.33631912663e-17
-4.97907132576e-18
1.04231650091e-16
-4.87029714252e-17
1.55005242118e-16
1.44179200414e-16
1.49405674542e-16
1.31923722429e-16
1.36672435514e-16
1.18048722684e-16
1.19083467467e-16
1.13086998036e-16
1.07640263407e-16
-2.69761993465e-16
-1.20918025231e-16
-2.38066842258e-16
-4.83494538593e-16
-9.07259486835e-17
-1.35541141865e-16
-2.68034838369e-17
-1.81736252102e-16
6.88301630225e-17
-2.14924179252e-16
1.97710761622e-16
-2.83926890084e-16
4.00431342603e-16
-4.46500700999e-16
-4.89567303344e-16
-3.48235716752e-16
-4.53931792936e-16
-1.64015856603e-16
-5.49167258095e-16
-1.65486602589e-15
-7.19986672948e-16
-6.05118073604e-17
1.83830199388e-15
1.87601437953e-15
1.17534542694e-15
9.87618361226e-16
-8.59161391235e-16
-3.97225315351e-16
-2.04017213463e-16
1.06488215115e-15
5.55920816895e-17
2.47760035331e-15
2.18229516679e-15
1.29420855693e-15
2.09720320668e-15
7.67898175318e-16
4.21484392642e-15
-2.10516299038e-18
-1.3192386303e-20
-2.60088973653e-18
2.03947057613e-19
-4.08203566622e-18
1.10599970521e-18
-6.08768712217e-18
8.92940787176e-19
-8.18818308987e-18
-6.81623781573e-19
4.77915532687e-19
8.54461456682e-18
7.06885499903e-18
1.46016991486e-17
1.42046637366e-17
1.83343586222e-17
2.540822214e-17
3.0057310766e-17
3.04400526791e-17
1.91885286885e-17
2.35299811885e-17
-8.93961828724e-18
-1.84310104296e-18
-1.90426662905e-17
-3.70751335752e-18
-3.80800761184e-17
-4.62204957697e-18
-5.54722505388e-17
3.40205962611e-19
-5.66077888317e-17
8.72783894842e-18
-1.04727491405e-17
-2.79159974728e-17
-3.58314439299e-17
-6.48184605385e-17
-1.22106624029e-16
-4.16621487018e-17
-3.80137530476e-16
-5.88515188228e-16
-1.89320370882e-16
1.00126828031e-15
7.32726543273e-16
9.59785631604e-16
9.42323063688e-16
7.26614554639e-16
8.27181639488e-16
8.12679193767e-16
7.72638599466e-16
9.08442147998e-16
2.76245213907e-16
1.06998511842e-15
1.12463015734e-15
1.50133102242e-15
1.35746034422e-15
2.03083327126e-15
-1.03303769227e-16
-8.40487294322e-17
-1.28256327643e-16
-1.48284442023e-16
-1.15200581555e-16
-1.65211622794e-16
-9.51717420538e-17
-2.00389367979e-16
-5.48516890337e-17
-2.22329650255e-17
-5.77942054462e-17
-3.91119272629e-18
-8.38062858674e-17
2.02090961599e-17
-1.08617930949e-16
4.98156465862e-17
1.59741570178e-16
3.78686117824e-17
1.89831371241e-16
5.27588001061e-18
-1.05768442712e-16
3.88933462371e-17
-1.35664287767e-16
9.790759648e-17
-1.68102803305e-16
1.49197657022e-16
-2.31828460194e-16
2.23829933216e-16
-2.91755006675e-16
3.49808547926e-16
5.15000437186e-16
3.11451596789e-16
5.65397650153e-16
2.49015692916e-16
-4.40236954529e-16
-6.33113375546e-16
-1.38811549056e-16
-1.19598135204e-15
-6.48266954739e-16
-6.65507159508e-16
-5.02282153026e-16
-4.55538598647e-16
-4.21978404071e-16
-3.92364293088e-16
-3.45887956994e-16
-2.74920498067e-16
-2.20621940087e-16
1.39875810621e-16
9.58620374491e-16
8.6892169177e-16
1.62868410854e-15
1.38869093247e-15
3.49555162912e-16
4.68705621912e-16
-5.64915943776e-16
1.88041661803e-15
1.40248589329e-15
1.529409824e-15
1.22581536665e-15
1.36704155294e-15
-5.4178429079e-17
6.74227805893e-17
5.63197716403e-17
6.95231692729e-17
4.63358779731e-17
6.77887234239e-17
2.77374837256e-17
6.57122980075e-17
2.93228578919e-18
8.71568569782e-17
1.93959347152e-16
5.25817334292e-17
-4.78267428952e-19
6.99156975719e-17
-1.88251437083e-17
9.82534868095e-17
2.30399984282e-16
6.43227265746e-17
2.63088893937e-16
4.60772891008e-17
3.20225362483e-16
1.44054230031e-17
3.8849461775e-16
5.997350686e-16
3.70969116942e-16
6.64456997384e-16
3.42890363001e-16
7.24296224284e-16
3.04603244825e-16
8.2566149678e-16
2.10783538793e-16
1.02031702717e-15
1.00379020152e-15
1.04360992197e-15
9.83745158348e-16
9.68149164265e-16
7.90084743565e-16
8.39692221959e-16
3.88945462894e-16
1.44341246369e-16
9.90526074139e-18
-2.38169335017e-17
-4.64978940327e-17
-5.24012796887e-17
-6.88627834487e-17
-1.41819595247e-16
-1.88591663489e-16
-1.15716624387e-16
-1.29847173756e-16
-6.17129840881e-17
-4.25467651085e-17
4.63478798846e-17
1.00483425513e-17
-4.50494854988e-16
4.82895538652e-16
9.17937607054e-16
2.14884074046e-16
7.71868006988e-16
1.47527722317e-16
7.0176512355e-16
8.08713108849e-18
2.17960646391e-17
9.45446610972e-18
1.52784820806e-16
4.97060065896e-16
2.51666082769e-16
-2.60689694606e-18
8.05983194111e-17
6.98398223508e-17
-1.01711490037e-17
1.03594318055e-17
1.48052180593e-17
-3.47390813286e-18
4.1421713449e-18
9.15210329058e-20
1.29069616856e-17
-4.13435714197e-18
-4.28636261845e-19
5.34833700524e-17
-4.43823452852e-17
1.92418866254e-17
5.69836880014e-18
-2.2808704015e-17
1.02842849154e-17
-2.29319408312e-16
1.96234037392e-16
1.04662688738e-16
-2.89005081828e-17
-6.65799147818e-18
8.82815809587e-18
-3.52337045286e-17
1.82336073444e-17
-9.97292460182e-18
-9.54044929454e-17
6.65440192985e-17
9.07447004065e-17
-1.1933743873e-16
1.22072213146e-16
4.97534073265e-17
-1.40627392357e-17
3.81743627224e-18
-6.13154470937e-19
6.62351448622e-18
-2.19522553832e-17
1.09437118851e-17
1.10620372097e-17
-7.50807058322e-18
2.97493030863e-18
2.75862849204e-18
3.80733156717e-17
-2.23920994512e-17
2.16851071232e-18
-8.62726199082e-19
-3.5875993254e-19
-7.48390122994e-18
-1.27705791807e-16
-3.49123826574e-17
2.1132404319e-19
5.78847606565e-19
-2.57991679413e-18
3.95745995464e-18
8.28385548019e-18
8.97985420045e-18
1.2135020667e-17
9.35485345137e-18
1.24578463151e-17
9.10588220077e-18
1.10390190923e-17
1.07439831849e-17
8.1904053743e-18
1.50418660616e-17
1.34266962481e-17
1.55014072389e-17
1.05357789296e-17
1.79910510455e-17
6.05359895153e-18
2.36648975174e-17
5.31731293699e-18
3.07360224589e-17
3.75514783249e-18
3.81935268481e-17
9.98119931081e-17
1.50352030555e-17
2.6968501982e-17
2.78052220214e-17
3.36513097254e-17
4.25257857107e-17
3.0248199568e-17
8.35229245579e-17
-7.37008957179e-18
1.59478829932e-16
-7.26677689399e-17
-4.46379592952e-17
-3.18814809256e-17
4.05779286075e-18
1.58316429624e-17
5.1253362911e-17
7.06734453777e-17
8.69431133661e-17
-2.27500772665e-17
-1.62420754179e-17
-1.56905637825e-17
-1.61144569948e-17
1.77540570209e-17
-1.5685787079e-16
-1.46264193398e-16
-1.42725553921e-16
-4.01055945353e-17
-2.80902867085e-16
-1.32464011548e-16
-4.53636797122e-16
-2.85389577012e-16
-6.07928618898e-16
-1.00416178451e-16
-7.5539083494e-16
-3.92312117965e-16
-6.21624168851e-16
-8.68601939641e-17
-6.12303111649e-16
5.90630387828e-16
6.17513079455e-18
8.65369851046e-18
9.25262633794e-18
1.07256924289e-17
9.03198739536e-18
1.09504683146e-17
9.86161096291e-18
9.71427293685e-18
1.13516800638e-17
8.34637987571e-18
1.15255424208e-17
9.47620739612e-18
1.42785455066e-17
8.72403275342e-18
1.62398054087e-17
7.46370108918e-18
1.70061767242e-17
8.02626008986e-18
2.18008980757e-17
1.60687985876e-18
2.98410994406e-17
1.11761513127e-16
4.46717373983e-18
8.52265711891e-18
1.21743111863e-17
1.24093322039e-17
1.77810660632e-17
2.020113892e-17
3.7220250642e-17
-1.38328822441e-17
1.6255321539e-16
-1.3789167662e-16
-1.09473006962e-16
-9.74085481943e-17
-5.85893420139e-17
-5.45345131355e-17
-1.06844843087e-17
-1.09705124788e-17
4.46525462653e-17
-5.12799794e-17
-3.18073411804e-17
-2.74738589097e-17
-2.50497742518e-17
3.45557162483e-17
-1.85968543528e-16
-1.70708854192e-16
-1.615877811e-16
-2.04668112049e-17
-3.20882072051e-16
-1.50114868131e-16
-5.2603880932e-16
-3.61146204749e-16
-6.36316749031e-16
-1.19373845398e-16
-8.5688052174e-16
-4.78291792656e-16
-7.29680505057e-16
-1.40392792873e-16
-7.3140062383e-16
6.54913906778e-16
)
;
    }
    reacting_to_fluid
    {
        type            calculated;
        value           uniform 0;
    }
    reacting_to_solid
    {
        type            calculated;
        value           uniform 0;
    }
}


// ************************************************************************* //
